USE [EDUAR_aspnet_services]

INSERT INTO [aspnet_Applications] ([ApplicationName], [LoweredApplicationName], [ApplicationId], [Description]) VALUES ('EDUAR_UI', 'eduar_ui', '340DD3A1-F04E-427C-8851-07EBECA2417A', NULL);
GO

SET IDENTITY_INSERT [EDUAR_aspnet_services].[dbo].[yaf_Board] ON
INSERT INTO [yaf_Board]([BoardID],[Name],[AllowThreaded],[MembershipAppName],[RolesAppName]) VALUES (1,'EDU@R',0,'','')
SET IDENTITY_INSERT [EDUAR_aspnet_services].[dbo].[yaf_Board] OFF

USE [EDUAR_aspnet_services]
GO

SET IDENTITY_INSERT [EDUAR_aspnet_services].[dbo].[yaf_Rank] ON

INSERT INTO [yaf_Rank]([RankID],[BoardID],[Name],[MinPosts],[RankImage],[Flags],[PMLimit],[Style],[SortOrder],[Description],[UsrSigChars],[UsrSigBBCodes],[UsrSigHTMLTags],[UsrAlbums],[UsrAlbumImages]) VALUES (1,1,'Administración',NULL,'Administration.png',0,2147483647,'default!font-size: 8pt; color: #811334/yafpro!font-size: 8pt; color:blue',0,'',0,'','',0,0)
INSERT INTO [yaf_Rank]([RankID],[BoardID],[Name],[MinPosts],[RankImage],[Flags],[PMLimit],[Style],[SortOrder],[Description],[UsrSigChars],[UsrSigBBCodes],[UsrSigHTMLTags],[UsrAlbums],[UsrAlbumImages]) VALUES (2,1,'Invitado',NULL,'Guest.png',0,0,'',100,'',0,'','',0,0)
INSERT INTO [yaf_Rank]([RankID],[BoardID],[Name],[MinPosts],[RankImage],[Flags],[PMLimit],[Style],[SortOrder],[Description],[UsrSigChars],[UsrSigBBCodes],[UsrSigHTMLTags],[UsrAlbums],[UsrAlbumImages]) VALUES (3,1,'Novato',0,'Newbie.png',3,10,'',3,'',0,'','',0,0)
INSERT INTO [yaf_Rank]([RankID],[BoardID],[Name],[MinPosts],[RankImage],[Flags],[PMLimit],[Style],[SortOrder],[Description],[UsrSigChars],[UsrSigBBCodes],[UsrSigHTMLTags],[UsrAlbums],[UsrAlbumImages]) VALUES (4,1,'Miembro',10,'Member.png',2,30,'',2,'',0,'','',0,0)
INSERT INTO [yaf_Rank]([RankID],[BoardID],[Name],[MinPosts],[RankImage],[Flags],[PMLimit],[Style],[SortOrder],[Description],[UsrSigChars],[UsrSigBBCodes],[UsrSigHTMLTags],[UsrAlbums],[UsrAlbumImages]) VALUES (5,1,'Miembro Avanzado',30,'Advanced-Member.png',2,100,'',1,'',0,'','',0,0)

SET IDENTITY_INSERT [EDUAR_aspnet_services].[dbo].[yaf_Rank] OFF
USE [EDUAR_aspnet_services]
GO

SET IDENTITY_INSERT [EDUAR_aspnet_services].[dbo].[yaf_Registry] ON

INSERT INTO [yaf_Registry] ([RegistryID],[Name],[Value],[BoardID]) VALUES (1,'version','50',NULL)
INSERT INTO [yaf_Registry] ([RegistryID],[Name],[Value],[BoardID]) VALUES (2,'versionname','1.9.6.1',NULL)
INSERT INTO [yaf_Registry] ([RegistryID],[Name],[Value],[BoardID]) VALUES (3,'usefulltextsearch','1',NULL)
INSERT INTO [yaf_Registry] ([RegistryID],[Name],[Value],[BoardID]) VALUES (4,'timezone','-180',NULL)
INSERT INTO [yaf_Registry] ([RegistryID],[Name],[Value],[BoardID]) VALUES (5,'culture','es-AR',NULL)
INSERT INTO [yaf_Registry] ([RegistryID],[Name],[Value],[BoardID]) VALUES (6,'language','spanish.xml',NULL)
INSERT INTO [yaf_Registry] ([RegistryID],[Name],[Value],[BoardID]) VALUES (7,'smtpserver','',NULL)
INSERT INTO [yaf_Registry] ([RegistryID],[Name],[Value],[BoardID]) VALUES (8,'forumemail','proyecto.eduar2.0@gmail.com',NULL)
INSERT INTO [yaf_Registry] ([RegistryID],[Name],[Value],[BoardID]) VALUES (9,'culture','es-AR',1)
INSERT INTO [yaf_Registry] ([RegistryID],[Name],[Value],[BoardID]) VALUES (10,'language','spanish.xml',1)
INSERT INTO [yaf_Registry] ([RegistryID],[Name],[Value],[BoardID]) VALUES (11,'maxusers','5',1)
INSERT INTO [yaf_Registry] ([RegistryID],[Name],[Value],[BoardID]) VALUES (12,'maxuserswhen','2012-09-17T21:18:55.077',1)
INSERT INTO [yaf_Registry] ([RegistryID],[Name],[Value],[BoardID]) VALUES (13,'allowgenderinuserbox','1',NULL)
INSERT INTO [yaf_Registry] ([RegistryID],[Name],[Value],[BoardID]) VALUES (14,'enabledisplayname','1',NULL)
INSERT INTO [yaf_Registry] ([RegistryID],[Name],[Value],[BoardID]) VALUES (15,'enabletopicdescription','1',NULL)
INSERT INTO [yaf_Registry] ([RegistryID],[Name],[Value],[BoardID]) VALUES (16,'enabletopicstatus','1',NULL)
INSERT INTO [yaf_Registry] ([RegistryID],[Name],[Value],[BoardID]) VALUES (17,'allowuserstexteditor','0',NULL)
INSERT INTO [yaf_Registry] ([RegistryID],[Name],[Value],[BoardID]) VALUES (18,'emailverification','0',NULL)
INSERT INTO [yaf_Registry] ([RegistryID],[Name],[Value],[BoardID]) VALUES (19,'allownotificationallpostsalltopics','0',NULL)
INSERT INTO [yaf_Registry] ([RegistryID],[Name],[Value],[BoardID]) VALUES (20,'allowforumswithsamename','1',NULL)
INSERT INTO [yaf_Registry] ([RegistryID],[Name],[Value],[BoardID]) VALUES (21,'usereadtrackingbydatabase','0',NULL)
INSERT INTO [yaf_Registry] ([RegistryID],[Name],[Value],[BoardID]) VALUES (22,'showlastunreadpost','1',NULL)
INSERT INTO [yaf_Registry] ([RegistryID],[Name],[Value],[BoardID]) VALUES (23,'enableipinfoservice','0',NULL)
INSERT INTO [yaf_Registry] ([RegistryID],[Name],[Value],[BoardID]) VALUES (24,'abadonsessionsfordonttrack','0',NULL)
INSERT INTO [yaf_Registry] ([RegistryID],[Name],[Value],[BoardID]) VALUES (25,'usessltologin','0',NULL)
INSERT INTO [yaf_Registry] ([RegistryID],[Name],[Value],[BoardID]) VALUES (26,'usessltoregister','0',NULL)
INSERT INTO [yaf_Registry] ([RegistryID],[Name],[Value],[BoardID]) VALUES (27,'showmoved','1',NULL)
INSERT INTO [yaf_Registry] ([RegistryID],[Name],[Value],[BoardID]) VALUES (28,'showavatarsintopic','0',NULL)
INSERT INTO [yaf_Registry] ([RegistryID],[Name],[Value],[BoardID]) VALUES (29,'showguestsindetailedactivelist','0',NULL)
INSERT INTO [yaf_Registry] ([RegistryID],[Name],[Value],[BoardID]) VALUES (30,'showcrawlersinactivelist','0',NULL)
INSERT INTO [yaf_Registry] ([RegistryID],[Name],[Value],[BoardID]) VALUES (31,'showcountryinfoinuserbox','0',NULL)
INSERT INTO [yaf_Registry] ([RegistryID],[Name],[Value],[BoardID]) VALUES (32,'showgroups','1',NULL)
INSERT INTO [yaf_Registry] ([RegistryID],[Name],[Value],[BoardID]) VALUES (33,'blanklinks','0',NULL)
INSERT INTO [yaf_Registry] ([RegistryID],[Name],[Value],[BoardID]) VALUES (34,'allowusertheme','0',NULL)
INSERT INTO [yaf_Registry] ([RegistryID],[Name],[Value],[BoardID]) VALUES (35,'allowuserhidehimself','0',NULL)
INSERT INTO [yaf_Registry] ([RegistryID],[Name],[Value],[BoardID]) VALUES (36,'allowuserlanguage','0',NULL)
INSERT INTO [yaf_Registry] ([RegistryID],[Name],[Value],[BoardID]) VALUES (37,'allowsinglesignon','0',NULL)
INSERT INTO [yaf_Registry] ([RegistryID],[Name],[Value],[BoardID]) VALUES (38,'registernewfacebookuser','0',NULL)
INSERT INTO [yaf_Registry] ([RegistryID],[Name],[Value],[BoardID]) VALUES (39,'allowmoderatorsviewips','0',NULL)
INSERT INTO [yaf_Registry] ([RegistryID],[Name],[Value],[BoardID]) VALUES (40,'allowpmemailnotification','0',NULL)
INSERT INTO [yaf_Registry] ([RegistryID],[Name],[Value],[BoardID]) VALUES (41,'allowpollchangesafterfirstvote','0',NULL)
INSERT INTO [yaf_Registry] ([RegistryID],[Name],[Value],[BoardID]) VALUES (42,'allowviewpollvotesifnopollacces','1',NULL)
INSERT INTO [yaf_Registry] ([RegistryID],[Name],[Value],[BoardID]) VALUES (43,'usefarsicalender','0',NULL)
INSERT INTO [yaf_Registry] ([RegistryID],[Name],[Value],[BoardID]) VALUES (44,'showrelativetime','1',NULL)
INSERT INTO [yaf_Registry] ([RegistryID],[Name],[Value],[BoardID]) VALUES (45,'allowmultiplechoices','1',NULL)
INSERT INTO [yaf_Registry] ([RegistryID],[Name],[Value],[BoardID]) VALUES (46,'allowguestsviewpolloptions','0',NULL)
INSERT INTO [yaf_Registry] ([RegistryID],[Name],[Value],[BoardID]) VALUES (47,'allowusersimagedpoll','0',NULL)
INSERT INTO [yaf_Registry] ([RegistryID],[Name],[Value],[BoardID]) VALUES (48,'avatarupload','1',NULL)
INSERT INTO [yaf_Registry] ([RegistryID],[Name],[Value],[BoardID]) VALUES (49,'avatarremote','0',NULL)
INSERT INTO [yaf_Registry] ([RegistryID],[Name],[Value],[BoardID]) VALUES (50,'avatargallery','1',NULL)
INSERT INTO [yaf_Registry] ([RegistryID],[Name],[Value],[BoardID]) VALUES (51,'avatargravatar','0',NULL)
INSERT INTO [yaf_Registry] ([RegistryID],[Name],[Value],[BoardID]) VALUES (52,'allowemailchange','0',NULL)
INSERT INTO [yaf_Registry] ([RegistryID],[Name],[Value],[BoardID]) VALUES (53,'allowpasswordchange','1',NULL)
INSERT INTO [yaf_Registry] ([RegistryID],[Name],[Value],[BoardID]) VALUES (54,'usefiletable','0',NULL)
INSERT INTO [yaf_Registry] ([RegistryID],[Name],[Value],[BoardID]) VALUES (55,'showrsslink','0',NULL)
INSERT INTO [yaf_Registry] ([RegistryID],[Name],[Value],[BoardID]) VALUES (56,'showatomlink','0',NULL)
INSERT INTO [yaf_Registry] ([RegistryID],[Name],[Value],[BoardID]) VALUES (57,'showpagegenerationtime','0',NULL)
INSERT INTO [yaf_Registry] ([RegistryID],[Name],[Value],[BoardID]) VALUES (58,'showyafversion','0',NULL)
INSERT INTO [yaf_Registry] ([RegistryID],[Name],[Value],[BoardID]) VALUES (59,'showforumjump','1',NULL)
INSERT INTO [yaf_Registry] ([RegistryID],[Name],[Value],[BoardID]) VALUES (60,'allowprivatemessages','0',NULL)
INSERT INTO [yaf_Registry] ([RegistryID],[Name],[Value],[BoardID]) VALUES (61,'allowemailsending','1',NULL)
INSERT INTO [yaf_Registry] ([RegistryID],[Name],[Value],[BoardID]) VALUES (62,'allowsignatures','1',NULL)
INSERT INTO [yaf_Registry] ([RegistryID],[Name],[Value],[BoardID]) VALUES (63,'externalsearchinnewwindow','1',NULL)
INSERT INTO [yaf_Registry] ([RegistryID],[Name],[Value],[BoardID]) VALUES (64,'showquicksearch','0',NULL)
INSERT INTO [yaf_Registry] ([RegistryID],[Name],[Value],[BoardID]) VALUES (65,'removenestedquotes','0',NULL)
INSERT INTO [yaf_Registry] ([RegistryID],[Name],[Value],[BoardID]) VALUES (66,'disableregistrations','1',NULL)
INSERT INTO [yaf_Registry] ([RegistryID],[Name],[Value],[BoardID]) VALUES (67,'createnntpusers','0',NULL)
INSERT INTO [yaf_Registry] ([RegistryID],[Name],[Value],[BoardID]) VALUES (68,'showgroupsprofile','0',NULL)
INSERT INTO [yaf_Registry] ([RegistryID],[Name],[Value],[BoardID]) VALUES (69,'pollvotetiedtoip','1',NULL)
INSERT INTO [yaf_Registry] ([RegistryID],[Name],[Value],[BoardID]) VALUES (70,'showadstosignedinusers','1',NULL)
INSERT INTO [yaf_Registry] ([RegistryID],[Name],[Value],[BoardID]) VALUES (71,'displaypoints','1',NULL)
INSERT INTO [yaf_Registry] ([RegistryID],[Name],[Value],[BoardID]) VALUES (72,'showquickanswer','1',NULL)
INSERT INTO [yaf_Registry] ([RegistryID],[Name],[Value],[BoardID]) VALUES (73,'showdeletedmessages','1',NULL)
INSERT INTO [yaf_Registry] ([RegistryID],[Name],[Value],[BoardID]) VALUES (74,'showdeletedmessagestoall','0',NULL)
INSERT INTO [yaf_Registry] ([RegistryID],[Name],[Value],[BoardID]) VALUES (75,'showmoderatorlist','0',NULL)
INSERT INTO [yaf_Registry] ([RegistryID],[Name],[Value],[BoardID]) VALUES (76,'showmoderatorlistascolumn','0',NULL)
INSERT INTO [yaf_Registry] ([RegistryID],[Name],[Value],[BoardID]) VALUES (77,'enablecaptchaforpost','0',NULL)
INSERT INTO [yaf_Registry] ([RegistryID],[Name],[Value],[BoardID]) VALUES (78,'enablecaptchaforguests','1',NULL)
INSERT INTO [yaf_Registry] ([RegistryID],[Name],[Value],[BoardID]) VALUES (79,'usenofollowlinks','1',NULL)
INSERT INTO [yaf_Registry] ([RegistryID],[Name],[Value],[BoardID]) VALUES (80,'dourlreferrersecuritycheck','0',NULL)
INSERT INTO [yaf_Registry] ([RegistryID],[Name],[Value],[BoardID]) VALUES (81,'enableimageattachmentresize','1',NULL)
INSERT INTO [yaf_Registry] ([RegistryID],[Name],[Value],[BoardID]) VALUES (82,'showshoutbox','0',NULL)
INSERT INTO [yaf_Registry] ([RegistryID],[Name],[Value],[BoardID]) VALUES (83,'showshoutboxsmiles','0',NULL)
INSERT INTO [yaf_Registry] ([RegistryID],[Name],[Value],[BoardID]) VALUES (84,'nocountforumsinactivediscussions','1',NULL)
INSERT INTO [yaf_Registry] ([RegistryID],[Name],[Value],[BoardID]) VALUES (85,'usestylednicks','0',NULL)
INSERT INTO [yaf_Registry] ([RegistryID],[Name],[Value],[BoardID]) VALUES (86,'usestyledtopictitles','1',NULL)
INSERT INTO [yaf_Registry] ([RegistryID],[Name],[Value],[BoardID]) VALUES (87,'showuseronlinestatus','0',NULL)
INSERT INTO [yaf_Registry] ([RegistryID],[Name],[Value],[BoardID]) VALUES (88,'showthanksdate','1',NULL)
INSERT INTO [yaf_Registry] ([RegistryID],[Name],[Value],[BoardID]) VALUES (89,'enablethanksmod','1',NULL)
INSERT INTO [yaf_Registry] ([RegistryID],[Name],[Value],[BoardID]) VALUES (90,'enablebuddylist','1',NULL)
INSERT INTO [yaf_Registry] ([RegistryID],[Name],[Value],[BoardID]) VALUES (91,'enablednacalendar','1',NULL)
INSERT INTO [yaf_Registry] ([RegistryID],[Name],[Value],[BoardID]) VALUES (92,'enableactivelocationerrorslog','1',NULL)
INSERT INTO [yaf_Registry] ([RegistryID],[Name],[Value],[BoardID]) VALUES (93,'useragentbadlog','1',NULL)
INSERT INTO [yaf_Registry] ([RegistryID],[Name],[Value],[BoardID]) VALUES (94,'enablealbum','0',NULL)
INSERT INTO [yaf_Registry] ([RegistryID],[Name],[Value],[BoardID]) VALUES (95,'adddynamicpagemetatags','1',NULL)
INSERT INTO [yaf_Registry] ([RegistryID],[Name],[Value],[BoardID]) VALUES (96,'allowdisplaynamemodification','1',NULL)
INSERT INTO [yaf_Registry] ([RegistryID],[Name],[Value],[BoardID]) VALUES (97,'imageattachmentresizecropped','0',NULL)
INSERT INTO [yaf_Registry] ([RegistryID],[Name],[Value],[BoardID]) VALUES (98,'useloginbox','0',NULL)
INSERT INTO [yaf_Registry] ([RegistryID],[Name],[Value],[BoardID]) VALUES (99,'enableuserreputation','1',NULL)
INSERT INTO [yaf_Registry] ([RegistryID],[Name],[Value],[BoardID]) VALUES (100,'reputationallownegative','1',NULL)
INSERT INTO [yaf_Registry] ([RegistryID],[Name],[Value],[BoardID]) VALUES (101,'displayjoindate','1',NULL)
INSERT INTO [yaf_Registry] ([RegistryID],[Name],[Value],[BoardID]) VALUES (102,'showbrowsingusers','1',NULL)
INSERT INTO [yaf_Registry] ([RegistryID],[Name],[Value],[BoardID]) VALUES (103,'showmedals','1',NULL)
INSERT INTO [yaf_Registry] ([RegistryID],[Name],[Value],[BoardID]) VALUES (104,'allowposttoblog','0',NULL)
INSERT INTO [yaf_Registry] ([RegistryID],[Name],[Value],[BoardID]) VALUES (105,'allowemailtopic','1',NULL)
INSERT INTO [yaf_Registry] ([RegistryID],[Name],[Value],[BoardID]) VALUES (106,'requirelogin','1',NULL)
INSERT INTO [yaf_Registry] ([RegistryID],[Name],[Value],[BoardID]) VALUES (107,'showactivediscussions','1',NULL)
INSERT INTO [yaf_Registry] ([RegistryID],[Name],[Value],[BoardID]) VALUES (108,'showforumstatistics','1',NULL)
INSERT INTO [yaf_Registry] ([RegistryID],[Name],[Value],[BoardID]) VALUES (109,'showrecentusers','0',NULL)
INSERT INTO [yaf_Registry] ([RegistryID],[Name],[Value],[BoardID]) VALUES (110,'showtodaysbirthdays','0',NULL)
INSERT INTO [yaf_Registry] ([RegistryID],[Name],[Value],[BoardID]) VALUES (111,'showrulesforregistration','1',NULL)
INSERT INTO [yaf_Registry] ([RegistryID],[Name],[Value],[BoardID]) VALUES (112,'akismetapikey','',NULL)
INSERT INTO [yaf_Registry] ([RegistryID],[Name],[Value],[BoardID]) VALUES (113,'forumeditor','1',NULL)
INSERT INTO [yaf_Registry] ([RegistryID],[Name],[Value],[BoardID]) VALUES (114,'ipinfopageurl','http://www.dnsstuff.com/tools/whois.ch?ip={0}',NULL)
INSERT INTO [yaf_Registry] ([RegistryID],[Name],[Value],[BoardID]) VALUES (115,'iplocatorurlpath','http://api.ipinfodb.com/v3/ip-city/?key=<your_api_key>&ip={0}',NULL)
INSERT INTO [yaf_Registry] ([RegistryID],[Name],[Value],[BoardID]) VALUES (116,'iplocatorresultsmapping','StatusCode,StatusMessage, IpAddress,CountryCode,CountryName,RegionName,CityName,ZipCode,Latitude,Longitude,TimeZone',NULL)
INSERT INTO [yaf_Registry] ([RegistryID],[Name],[Value],[BoardID]) VALUES (117,'recaptchapublickey','',NULL)
INSERT INTO [yaf_Registry] ([RegistryID],[Name],[Value],[BoardID]) VALUES (118,'recaptchaprivatekey','',NULL)
INSERT INTO [yaf_Registry] ([RegistryID],[Name],[Value],[BoardID]) VALUES (119,'searchengine1','http://google.com/search?as_q={Word}&hl={Language}&num={ResultsPerPage}&btnG={ButtonName}&as_epq={Word}&as_oq={Word}&as_eq={Word}&lr=&cr=&as_ft=i&as_filetype=&as_qdr=&as_occt=&as_dt=i&as_sitesearch={Site}&as_rights=&safe=off',NULL)
INSERT INTO [yaf_Registry] ([RegistryID],[Name],[Value],[BoardID]) VALUES (120,'searchengine2','http://yandex.ru/yandsearch?date=all&text=&site={Site}&rstr=&zone=all&wordforms=&lang={Language}&within=&from_day=&from_month=&from_year=&to_day=&to_month=&to_year=&mime=&numdoc={ResultsPerPage}&lr=',NULL)
INSERT INTO [yaf_Registry] ([RegistryID],[Name],[Value],[BoardID]) VALUES (121,'searchengine1parameters','Google^?^&^+^;^AnyWord:as_oq={Word}^AllWords:as_q={Word}^ExactFrase:as_epq={Word}^WithoutWords:as_eq={Word}',NULL)
INSERT INTO [yaf_Registry] ([RegistryID],[Name],[Value],[BoardID]) VALUES (122,'searchengine2parameters','Yandex^?^&^+^;^AnyWord:text={Word}/wordforms=any^AllWords:text={Word}/wordforms=all^ExactFrase:text={Word}/wordforms=exact^WithoutWords:text=~~{Word}',NULL)
INSERT INTO [yaf_Registry] ([RegistryID],[Name],[Value],[BoardID]) VALUES (123,'gravatarrating','G',NULL)
INSERT INTO [yaf_Registry] ([RegistryID],[Name],[Value],[BoardID]) VALUES (124,'acceptedhtml','br,hr,b,i,u,a,div,ol,ul,li,blockquote,img,span,p,em,strong,font,pre,h1,h2,h3,h4,h5,h6,address',NULL)
INSERT INTO [yaf_Registry] ([RegistryID],[Name],[Value],[BoardID]) VALUES (125,'adpost','',NULL)
INSERT INTO [yaf_Registry] ([RegistryID],[Name],[Value],[BoardID]) VALUES (126,'customloginredirecturl','',NULL)
INSERT INTO [yaf_Registry] ([RegistryID],[Name],[Value],[BoardID]) VALUES (127,'webservicetoken','890a54ff-f3a5-478c-ad3b-5f6c6257b777',NULL)
INSERT INTO [yaf_Registry] ([RegistryID],[Name],[Value],[BoardID]) VALUES (128,'searchstringpattern','.*',NULL)
INSERT INTO [yaf_Registry] ([RegistryID],[Name],[Value],[BoardID]) VALUES (129,'userbox','<yaf:avatar /><div class="section"><yaf:rankimage /><yaf:rank /></div><br /><yaf:reputation /><yaf:medals /><div class="section"><yaf:groups /><yaf:joindate /><yaf:posts /><yaf:gender /><yaf:countryimage /><yaf:location /></div><br/ ><div class="section"><yaf:thanksfrom /><yaf:thanksto /></div>',NULL)
INSERT INTO [yaf_Registry] ([RegistryID],[Name],[Value],[BoardID]) VALUES (130,'userboxavatar','<div class="section">{0}</div><br clear="all" />',NULL)
INSERT INTO [yaf_Registry] ([RegistryID],[Name],[Value],[BoardID]) VALUES (131,'userboxmedals','<div class="section medals">{0} {1}{2}</div><br clear="all" />',NULL)
INSERT INTO [yaf_Registry] ([RegistryID],[Name],[Value],[BoardID]) VALUES (132,'userboxrankimage','{0}<br clear="all" />',NULL)
INSERT INTO [yaf_Registry] ([RegistryID],[Name],[Value],[BoardID]) VALUES (133,'userboxcountryimage','{0}<br />',NULL)
INSERT INTO [yaf_Registry] ([RegistryID],[Name],[Value],[BoardID]) VALUES (134,'userboxrank','{0}: {1}<br clear="all" />',NULL)
INSERT INTO [yaf_Registry] ([RegistryID],[Name],[Value],[BoardID]) VALUES (135,'userboxgroups','{0}: {1}<br clear="all" />',NULL)
INSERT INTO [yaf_Registry] ([RegistryID],[Name],[Value],[BoardID]) VALUES (136,'userboxjoindate','{0}: {1}<br />',NULL)
INSERT INTO [yaf_Registry] ([RegistryID],[Name],[Value],[BoardID]) VALUES (137,'userboxgender','{0}<br />',NULL)
INSERT INTO [yaf_Registry] ([RegistryID],[Name],[Value],[BoardID]) VALUES (138,'userboxposts','{0}: {1:N0}<br />',NULL)
INSERT INTO [yaf_Registry] ([RegistryID],[Name],[Value],[BoardID]) VALUES (139,'userboxreputation','<div class="section">{0}: {1:N0}</div><br />',NULL)
INSERT INTO [yaf_Registry] ([RegistryID],[Name],[Value],[BoardID]) VALUES (140,'userboxlocation','{0}: {1}<br />',NULL)
INSERT INTO [yaf_Registry] ([RegistryID],[Name],[Value],[BoardID]) VALUES (141,'userboxthanksfrom','{0}<br />',NULL)
INSERT INTO [yaf_Registry] ([RegistryID],[Name],[Value],[BoardID]) VALUES (142,'userboxthanksto','{0}<br />',NULL)
INSERT INTO [yaf_Registry] ([RegistryID],[Name],[Value],[BoardID]) VALUES (143,'spamservicetype','0',NULL)
INSERT INTO [yaf_Registry] ([RegistryID],[Name],[Value],[BoardID]) VALUES (144,'spammessagehandling','1',NULL)
INSERT INTO [yaf_Registry] ([RegistryID],[Name],[Value],[BoardID]) VALUES (145,'showsharetopicto','0',NULL)
INSERT INTO [yaf_Registry] ([RegistryID],[Name],[Value],[BoardID]) VALUES (146,'showretweetmessageto','0',NULL)
INSERT INTO [yaf_Registry] ([RegistryID],[Name],[Value],[BoardID]) VALUES (147,'showteamto','0',NULL)
INSERT INTO [yaf_Registry] ([RegistryID],[Name],[Value],[BoardID]) VALUES (148,'showhelpto','1',NULL)
INSERT INTO [yaf_Registry] ([RegistryID],[Name],[Value],[BoardID]) VALUES (149,'servertimecorrection','0',NULL)
INSERT INTO [yaf_Registry] ([RegistryID],[Name],[Value],[BoardID]) VALUES (150,'memberlistpagesize','20',NULL)
INSERT INTO [yaf_Registry] ([RegistryID],[Name],[Value],[BoardID]) VALUES (151,'mytopicslistpagesize','20',NULL)
INSERT INTO [yaf_Registry] ([RegistryID],[Name],[Value],[BoardID]) VALUES (152,'postlatestfeedaccess','0',NULL)
INSERT INTO [yaf_Registry] ([RegistryID],[Name],[Value],[BoardID]) VALUES (153,'postsfeedaccess','0',NULL)
INSERT INTO [yaf_Registry] ([RegistryID],[Name],[Value],[BoardID]) VALUES (154,'topicsfeedaccess','0',NULL)
INSERT INTO [yaf_Registry] ([RegistryID],[Name],[Value],[BoardID]) VALUES (155,'forumfeedaccess','0',NULL)
INSERT INTO [yaf_Registry] ([RegistryID],[Name],[Value],[BoardID]) VALUES (156,'activetopicfeedaccess','0',NULL)
INSERT INTO [yaf_Registry] ([RegistryID],[Name],[Value],[BoardID]) VALUES (157,'favoritetopicfeedaccess','0',NULL)
INSERT INTO [yaf_Registry] ([RegistryID],[Name],[Value],[BoardID]) VALUES (158,'avatarwidth','50',NULL)
INSERT INTO [yaf_Registry] ([RegistryID],[Name],[Value],[BoardID]) VALUES (159,'avatarheight','80',NULL)
INSERT INTO [yaf_Registry] ([RegistryID],[Name],[Value],[BoardID]) VALUES (160,'allowcreatetopicssamename','0',NULL)
INSERT INTO [yaf_Registry] ([RegistryID],[Name],[Value],[BoardID]) VALUES (161,'avatarsize','50000',NULL)
INSERT INTO [yaf_Registry] ([RegistryID],[Name],[Value],[BoardID]) VALUES (162,'maxwordlength','40',NULL)
INSERT INTO [yaf_Registry] ([RegistryID],[Name],[Value],[BoardID]) VALUES (163,'maxfilesize','10',NULL)
INSERT INTO [yaf_Registry] ([RegistryID],[Name],[Value],[BoardID]) VALUES (164,'messagehistorydaystolog','30',NULL)
INSERT INTO [yaf_Registry] ([RegistryID],[Name],[Value],[BoardID]) VALUES (165,'lockposts','365',NULL)
INSERT INTO [yaf_Registry] ([RegistryID],[Name],[Value],[BoardID]) VALUES (166,'postsperpage','20',NULL)
INSERT INTO [yaf_Registry] ([RegistryID],[Name],[Value],[BoardID]) VALUES (167,'topicsperpage','15',NULL)
INSERT INTO [yaf_Registry] ([RegistryID],[Name],[Value],[BoardID]) VALUES (168,'postflooddelay','30',NULL)
INSERT INTO [yaf_Registry] ([RegistryID],[Name],[Value],[BoardID]) VALUES (169,'allowedpollchoicenumber','10',NULL)
INSERT INTO [yaf_Registry] ([RegistryID],[Name],[Value],[BoardID]) VALUES (170,'allowedpollnumber','3',NULL)
INSERT INTO [yaf_Registry] ([RegistryID],[Name],[Value],[BoardID]) VALUES (171,'pollimagemaxfilesize','100',NULL)
INSERT INTO [yaf_Registry] ([RegistryID],[Name],[Value],[BoardID]) VALUES (172,'captchatyperegister','1',NULL)
INSERT INTO [yaf_Registry] ([RegistryID],[Name],[Value],[BoardID]) VALUES (173,'edittimeout','30',NULL)
INSERT INTO [yaf_Registry] ([RegistryID],[Name],[Value],[BoardID]) VALUES (174,'reportpostpermissions','1',NULL)
INSERT INTO [yaf_Registry] ([RegistryID],[Name],[Value],[BoardID]) VALUES (175,'captchasize','8',NULL)
INSERT INTO [yaf_Registry] ([RegistryID],[Name],[Value],[BoardID]) VALUES (176,'profileviewpermission','1',NULL)
INSERT INTO [yaf_Registry] ([RegistryID],[Name],[Value],[BoardID]) VALUES (177,'returnsearchmax','100',NULL)
INSERT INTO [yaf_Registry] ([RegistryID],[Name],[Value],[BoardID]) VALUES (178,'activeusersviewpermissions','1',NULL)
INSERT INTO [yaf_Registry] ([RegistryID],[Name],[Value],[BoardID]) VALUES (179,'memberslistviewpermissions','1',NULL)
INSERT INTO [yaf_Registry] ([RegistryID],[Name],[Value],[BoardID]) VALUES (180,'activediscussionscount','5',NULL)
INSERT INTO [yaf_Registry] ([RegistryID],[Name],[Value],[BoardID]) VALUES (181,'activediscussionscachetimeout','1',NULL)
INSERT INTO [yaf_Registry] ([RegistryID],[Name],[Value],[BoardID]) VALUES (182,'searchstringminlength','4',NULL)
INSERT INTO [yaf_Registry] ([RegistryID],[Name],[Value],[BoardID]) VALUES (183,'searchstringmaxlength','50',NULL)
INSERT INTO [yaf_Registry] ([RegistryID],[Name],[Value],[BoardID]) VALUES (184,'searchpermissions','0',NULL)
INSERT INTO [yaf_Registry] ([RegistryID],[Name],[Value],[BoardID]) VALUES (185,'externalsearchpermissions','0',NULL)
INSERT INTO [yaf_Registry] ([RegistryID],[Name],[Value],[BoardID]) VALUES (186,'forumstatisticscachetimeout','60',NULL)
INSERT INTO [yaf_Registry] ([RegistryID],[Name],[Value],[BoardID]) VALUES (187,'boarduserstatscachetimeout','60',NULL)
INSERT INTO [yaf_Registry] ([RegistryID],[Name],[Value],[BoardID]) VALUES (188,'privatemessagemaxrecipients','1',NULL)
INSERT INTO [yaf_Registry] ([RegistryID],[Name],[Value],[BoardID]) VALUES (189,'disablenofollowlinksafterday','0',NULL)
INSERT INTO [yaf_Registry] ([RegistryID],[Name],[Value],[BoardID]) VALUES (190,'boardmoderatorscachetimeout','1440',NULL)
INSERT INTO [yaf_Registry] ([RegistryID],[Name],[Value],[BoardID]) VALUES (191,'boardcategoriescachetimeout','1440',NULL)
INSERT INTO [yaf_Registry] ([RegistryID],[Name],[Value],[BoardID]) VALUES (192,'replacerulescachetimeout','1440',NULL)
INSERT INTO [yaf_Registry] ([RegistryID],[Name],[Value],[BoardID]) VALUES (193,'firstpostcachetimeout','120',NULL)
INSERT INTO [yaf_Registry] ([RegistryID],[Name],[Value],[BoardID]) VALUES (194,'maxpostsize','32767',NULL)
INSERT INTO [yaf_Registry] ([RegistryID],[Name],[Value],[BoardID]) VALUES (195,'maxreportpostchars','128',NULL)
INSERT INTO [yaf_Registry] ([RegistryID],[Name],[Value],[BoardID]) VALUES (196,'maxnumberofattachments','5',NULL)
INSERT INTO [yaf_Registry] ([RegistryID],[Name],[Value],[BoardID]) VALUES (197,'pictureattachmentdisplaytreshold','262144',NULL)
INSERT INTO [yaf_Registry] ([RegistryID],[Name],[Value],[BoardID]) VALUES (198,'imageattachmentresizewidth','200',NULL)
INSERT INTO [yaf_Registry] ([RegistryID],[Name],[Value],[BoardID]) VALUES (199,'imageattachmentresizeheight','200',NULL)
INSERT INTO [yaf_Registry] ([RegistryID],[Name],[Value],[BoardID]) VALUES (200,'activeuserlazydatacachetimeout','10',NULL)
INSERT INTO [yaf_Registry] ([RegistryID],[Name],[Value],[BoardID]) VALUES (201,'onlinestatuscachetimeout','60000',NULL)
INSERT INTO [yaf_Registry] ([RegistryID],[Name],[Value],[BoardID]) VALUES (202,'usernamemaxlength','50',NULL)
INSERT INTO [yaf_Registry] ([RegistryID],[Name],[Value],[BoardID]) VALUES (203,'relativetimerefreshtime','60000',NULL)
INSERT INTO [yaf_Registry] ([RegistryID],[Name],[Value],[BoardID]) VALUES (204,'reputationmaxnegative','-100',NULL)
INSERT INTO [yaf_Registry] ([RegistryID],[Name],[Value],[BoardID]) VALUES (205,'reputationmaxpositive','500',NULL)
INSERT INTO [yaf_Registry] ([RegistryID],[Name],[Value],[BoardID]) VALUES (206,'reputationminupvoting','1',NULL)
INSERT INTO [yaf_Registry] ([RegistryID],[Name],[Value],[BoardID]) VALUES (207,'reputationmindownvoting','100',NULL)
INSERT INTO [yaf_Registry] ([RegistryID],[Name],[Value],[BoardID]) VALUES (208,'recapturemultipleinstances','1',1)
INSERT INTO [yaf_Registry] ([RegistryID],[Name],[Value],[BoardID]) VALUES (209,'twitterusername','',1)
INSERT INTO [yaf_Registry] ([RegistryID],[Name],[Value],[BoardID]) VALUES (210,'activelisttime','5',1)
INSERT INTO [yaf_Registry] ([RegistryID],[Name],[Value],[BoardID]) VALUES (211,'albumimagessizemax','1048576',1)
INSERT INTO [yaf_Registry] ([RegistryID],[Name],[Value],[BoardID]) VALUES (212,'albumsperpage','6',1)
INSERT INTO [yaf_Registry] ([RegistryID],[Name],[Value],[BoardID]) VALUES (213,'albumimagesperpage','10',1)
INSERT INTO [yaf_Registry] ([RegistryID],[Name],[Value],[BoardID]) VALUES (214,'populartopicviews','100',1)
INSERT INTO [yaf_Registry] ([RegistryID],[Name],[Value],[BoardID]) VALUES (215,'populartopicreplys','10',1)
INSERT INTO [yaf_Registry] ([RegistryID],[Name],[Value],[BoardID]) VALUES (216,'populartopicdays','7',1)
INSERT INTO [yaf_Registry] ([RegistryID],[Name],[Value],[BoardID]) VALUES (217,'allowthemedlogo','1',NULL)
INSERT INTO [yaf_Registry] ([RegistryID],[Name],[Value],[BoardID]) VALUES (218,'jqueryuithemecdnhosted','1',NULL)
INSERT INTO [yaf_Registry] ([RegistryID],[Name],[Value],[BoardID]) VALUES (219,'digestsendeveryxhours','24',NULL)
INSERT INTO [yaf_Registry] ([RegistryID],[Name],[Value],[BoardID]) VALUES (220,'boardpollid','0',1)
INSERT INTO [yaf_Registry] ([RegistryID],[Name],[Value],[BoardID]) VALUES (221,'theme','cleanSlate.xml',1)
INSERT INTO [yaf_Registry] ([RegistryID],[Name],[Value],[BoardID]) VALUES (222,'mobiletheme','YafMobile.xml',1)
INSERT INTO [yaf_Registry] ([RegistryID],[Name],[Value],[BoardID]) VALUES (223,'showtopicsdefault','0',1)
INSERT INTO [yaf_Registry] ([RegistryID],[Name],[Value],[BoardID]) VALUES (224,'fileextensionareallowed','1',1)
INSERT INTO [yaf_Registry] ([RegistryID],[Name],[Value],[BoardID]) VALUES (225,'notificationonuserregisteremaillist','',1)
INSERT INTO [yaf_Registry] ([RegistryID],[Name],[Value],[BoardID]) VALUES (226,'emailmoderatorsonmoderatedpost','1',1)
INSERT INTO [yaf_Registry] ([RegistryID],[Name],[Value],[BoardID]) VALUES (227,'emailmoderatorsonreportedpost','1',1)
INSERT INTO [yaf_Registry] ([RegistryID],[Name],[Value],[BoardID]) VALUES (228,'allowdigestemail','0',1)
INSERT INTO [yaf_Registry] ([RegistryID],[Name],[Value],[BoardID]) VALUES (229,'defaultsenddigestemail','0',1)
INSERT INTO [yaf_Registry] ([RegistryID],[Name],[Value],[BoardID]) VALUES (230,'defaultnotificationsetting','10',1)
INSERT INTO [yaf_Registry] ([RegistryID],[Name],[Value],[BoardID]) VALUES (231,'copyrightremovaldomainkey','',1)
INSERT INTO [yaf_Registry] ([RegistryID],[Name],[Value],[BoardID]) VALUES (232,'jqueryuitheme','smoothness',1)

SET IDENTITY_INSERT [EDUAR_aspnet_services].[dbo].[yaf_Registry] OFF

USE [EDUAR_aspnet_services]
GO

SET IDENTITY_INSERT [EDUAR_aspnet_services].[dbo].[yaf_Smiley] ON

INSERT INTO [yaf_Smiley]([SmileyID],[BoardID],[Code],[Icon],[Emoticon],[SortOrder]) VALUES(21,1,'[angry]','msp_angry.gif','Angry',1)
INSERT INTO [yaf_Smiley]([SmileyID],[BoardID],[Code],[Icon],[Emoticon],[SortOrder]) VALUES(22,1,'[biggrin]','msp_biggrin.gif','BigGrin',2)
INSERT INTO [yaf_Smiley]([SmileyID],[BoardID],[Code],[Icon],[Emoticon],[SortOrder]) VALUES(23,1,'[blink]','msp_blink.gif','Blink',3)
INSERT INTO [yaf_Smiley]([SmileyID],[BoardID],[Code],[Icon],[Emoticon],[SortOrder]) VALUES(24,1,'[blush]','msp_blushing.gif','Blushing',4)
INSERT INTO [yaf_Smiley]([SmileyID],[BoardID],[Code],[Icon],[Emoticon],[SortOrder]) VALUES(25,1,'[bored]','msp_bored.gif','Bored',5)
INSERT INTO [yaf_Smiley]([SmileyID],[BoardID],[Code],[Icon],[Emoticon],[SortOrder]) VALUES(26,1,'[confused]','msp_confused.gif','Confused',6)
INSERT INTO [yaf_Smiley]([SmileyID],[BoardID],[Code],[Icon],[Emoticon],[SortOrder]) VALUES(27,1,'[cool]','msp_cool.gif','Cool',7)
INSERT INTO [yaf_Smiley]([SmileyID],[BoardID],[Code],[Icon],[Emoticon],[SortOrder]) VALUES(28,1,'[crying]','msp_crying.gif','Crying',8)
INSERT INTO [yaf_Smiley]([SmileyID],[BoardID],[Code],[Icon],[Emoticon],[SortOrder]) VALUES(29,1,'[cursing]','msp_cursing.gif','Cursing',9)
INSERT INTO [yaf_Smiley]([SmileyID],[BoardID],[Code],[Icon],[Emoticon],[SortOrder]) VALUES(30,1,'[drool]','msp_drool.gif','Drool',10)
INSERT INTO [yaf_Smiley]([SmileyID],[BoardID],[Code],[Icon],[Emoticon],[SortOrder]) VALUES(31,1,'[flapper]','msp_flapper.gif','Flapper',11)
INSERT INTO [yaf_Smiley]([SmileyID],[BoardID],[Code],[Icon],[Emoticon],[SortOrder]) VALUES(32,1,'[glare]','msp_glare.gif','Glare',12)
INSERT INTO [yaf_Smiley]([SmileyID],[BoardID],[Code],[Icon],[Emoticon],[SortOrder]) VALUES(33,1,'[huh]','msp_huh.gif','Huh',13)
INSERT INTO [yaf_Smiley]([SmileyID],[BoardID],[Code],[Icon],[Emoticon],[SortOrder]) VALUES(34,1,'[laugh]','msp_laugh.gif','Laugh',14)
INSERT INTO [yaf_Smiley]([SmileyID],[BoardID],[Code],[Icon],[Emoticon],[SortOrder]) VALUES(35,1,'[lol]','msp_lol.gif','LOL',15)
INSERT INTO [yaf_Smiley]([SmileyID],[BoardID],[Code],[Icon],[Emoticon],[SortOrder]) VALUES(36,1,'[love]','msp_love.gif','Love',16)
INSERT INTO [yaf_Smiley]([SmileyID],[BoardID],[Code],[Icon],[Emoticon],[SortOrder]) VALUES(37,1,'[mad]','msp_mad.gif','Mad',17)
INSERT INTO [yaf_Smiley]([SmileyID],[BoardID],[Code],[Icon],[Emoticon],[SortOrder]) VALUES(38,1,'[mellow]','msp_mellow.gif','Mellow',18)
INSERT INTO [yaf_Smiley]([SmileyID],[BoardID],[Code],[Icon],[Emoticon],[SortOrder]) VALUES(39,1,'[omg]','msp_ohmy.gif','OhMyGod',19)
INSERT INTO [yaf_Smiley]([SmileyID],[BoardID],[Code],[Icon],[Emoticon],[SortOrder]) VALUES(40,1,'[rolleyes]','msp_rolleyes.gif','RollEyes',20)
INSERT INTO [yaf_Smiley]([SmileyID],[BoardID],[Code],[Icon],[Emoticon],[SortOrder]) VALUES(41,1,'[sad]','msp_sad.gif','Sad',21)
INSERT INTO [yaf_Smiley]([SmileyID],[BoardID],[Code],[Icon],[Emoticon],[SortOrder]) VALUES(42,1,'[scared]','msp_scared.gif','Scared',22)
INSERT INTO [yaf_Smiley]([SmileyID],[BoardID],[Code],[Icon],[Emoticon],[SortOrder]) VALUES(43,1,'[sleep]','msp_sleep.gif','Sleep',23)
INSERT INTO [yaf_Smiley]([SmileyID],[BoardID],[Code],[Icon],[Emoticon],[SortOrder]) VALUES(44,1,'[smile]','msp_smile.gif','Smile',24)
INSERT INTO [yaf_Smiley]([SmileyID],[BoardID],[Code],[Icon],[Emoticon],[SortOrder]) VALUES(45,1,'[sneaky]','msp_sneaky.gif','Sneaky',25)
INSERT INTO [yaf_Smiley]([SmileyID],[BoardID],[Code],[Icon],[Emoticon],[SortOrder]) VALUES(46,1,'[thumbdn]','msp_thumbdn.gif','ThumbDown',26)
INSERT INTO [yaf_Smiley]([SmileyID],[BoardID],[Code],[Icon],[Emoticon],[SortOrder]) VALUES(47,1,'[thumbup]','msp_thumbup.gif','ThumpUp',27)
INSERT INTO [yaf_Smiley]([SmileyID],[BoardID],[Code],[Icon],[Emoticon],[SortOrder]) VALUES(48,1,'[tongue]','msp_tongue.gif','Tongue',28)
INSERT INTO [yaf_Smiley]([SmileyID],[BoardID],[Code],[Icon],[Emoticon],[SortOrder]) VALUES(49,1,'[razz]','msp_razz.gif','Razz',29)
INSERT INTO [yaf_Smiley]([SmileyID],[BoardID],[Code],[Icon],[Emoticon],[SortOrder]) VALUES(50,1,'[unsure]','msp_unsure.gif','Unsure',30)
INSERT INTO [yaf_Smiley]([SmileyID],[BoardID],[Code],[Icon],[Emoticon],[SortOrder]) VALUES(51,1,'[woot]','msp_w00t.gif','Woot',31)
INSERT INTO [yaf_Smiley]([SmileyID],[BoardID],[Code],[Icon],[Emoticon],[SortOrder]) VALUES(52,1,'[wink]','msp_wink.gif','Wink',32)
INSERT INTO [yaf_Smiley]([SmileyID],[BoardID],[Code],[Icon],[Emoticon],[SortOrder]) VALUES(53,1,'[wub]','msp_wub.gif','Wub',33)

SET IDENTITY_INSERT [EDUAR_aspnet_services].[dbo].[yaf_Smiley] OFF

USE [EDUAR_aspnet_services]
GO

SET IDENTITY_INSERT [EDUAR_aspnet_services].[dbo].[yaf_TopicStatus] ON

INSERT INTO [yaf_TopicStatus] ([TopicStatusID],[TopicStatusName],[BoardID],[DefaultDescription]) VALUES (6,'INFORMATIC',1,'Información')
INSERT INTO [yaf_TopicStatus] ([TopicStatusID],[TopicStatusName],[BoardID],[DefaultDescription]) VALUES (7,'SOLVED',1,'Resuelto')
INSERT INTO [yaf_TopicStatus] ([TopicStatusID],[TopicStatusName],[BoardID],[DefaultDescription]) VALUES (8,'QUESTION',1,'Pregunta')
INSERT INTO [yaf_TopicStatus] ([TopicStatusID],[TopicStatusName],[BoardID],[DefaultDescription]) VALUES (9,'ISSUE',1,'Problema')
INSERT INTO [yaf_TopicStatus] ([TopicStatusID],[TopicStatusName],[BoardID],[DefaultDescription]) VALUES (10,'FIXED',1,'Corregido')


SET IDENTITY_INSERT [EDUAR_aspnet_services].[dbo].[yaf_TopicStatus] OFF

INSERT INTO [aspnet_SchemaVersions] ([Feature], [CompatibleSchemaVersion], [IsCurrentVersion]) VALUES ('common', '1', '1');
GO
INSERT INTO [aspnet_SchemaVersions] ([Feature], [CompatibleSchemaVersion], [IsCurrentVersion]) VALUES ('membership', '1', '1');
GO
INSERT INTO [aspnet_SchemaVersions] ([Feature], [CompatibleSchemaVersion], [IsCurrentVersion]) VALUES ('role manager', '1', '1');
GO
USE [EDUAR_aspnet_services]
GO

INSERT INTO [vw_aspnet_Applications] ([ApplicationName],[LoweredApplicationName],[ApplicationId],[Description])
VALUES ('EDUAR_UI','eduar_ui','340DD3A1-F04E-427C-8851-07EBECA2417A',NULL)
PRINT 'INSERT vw_aspnet_Applications'

INSERT INTO [aspnet_Roles]([ApplicationId],[RoleId],[RoleName],[LoweredRoleName],[Description]) VALUES ('340DD3A1-F04E-427C-8851-07EBECA2417A','2D3E43AD-60F7-4604-97D4-051A0058877F','Psicopedagogo','psicopedagogo','Rol de descripcion')
INSERT INTO [aspnet_Roles]([ApplicationId],[RoleId],[RoleName],[LoweredRoleName],[Description]) VALUES ('340DD3A1-F04E-427C-8851-07EBECA2417A','09FB2298-B8B7-4107-A2FD-FA3793B5CC78','Preceptor','preceptor','Rol asignado al Preceptores de la institución')
INSERT INTO [aspnet_Roles]([ApplicationId],[RoleId],[RoleName],[LoweredRoleName],[Description]) VALUES ('340DD3A1-F04E-427C-8851-07EBECA2417A','D3C57399-B73F-4F64-BCCE-EC5340318C3E','Administrativo','administrativo','Rol asignado al personal administrativo')
INSERT INTO [aspnet_Roles]([ApplicationId],[RoleId],[RoleName],[LoweredRoleName],[Description]) VALUES ('340DD3A1-F04E-427C-8851-07EBECA2417A','41AA295B-7655-4D6D-8ED2-919F6EE6A02A','Administrador','administrador','Rol todopoderoso del sistema')
INSERT INTO [aspnet_Roles]([ApplicationId],[RoleId],[RoleName],[LoweredRoleName],[Description]) VALUES ('340DD3A1-F04E-427C-8851-07EBECA2417A','BF650D66-DF58-4FB5-97A5-467541E37BB9','Alumno','alumno','Rol que se asigna a los alumnos de la institución')
INSERT INTO [aspnet_Roles]([ApplicationId],[RoleId],[RoleName],[LoweredRoleName],[Description]) VALUES ('340DD3A1-F04E-427C-8851-07EBECA2417A','8B3F6A0E-4C63-4107-8EEB-72BF2BBE1CE6','Director','director','Rol asignado al Director de la institución')
INSERT INTO [aspnet_Roles]([ApplicationId],[RoleId],[RoleName],[LoweredRoleName],[Description]) VALUES ('340DD3A1-F04E-427C-8851-07EBECA2417A','1D71CC3B-BB8E-44A6-988E-AF05C41F4B98','Docente','docente','Rol asignado a los docentes')
INSERT INTO [aspnet_Roles]([ApplicationId],[RoleId],[RoleName],[LoweredRoleName],[Description]) VALUES ('340DD3A1-F04E-427C-8851-07EBECA2417A','21949D8D-0EB9-496E-9B29-86A5370EA802','Tutor','tutor','Rol asignado a los tutores de alumnos')

INSERT INTO [vw_aspnet_Roles] ([ApplicationId],[RoleId],[RoleName],[LoweredRoleName],[Description]) VALUES ('340DD3A1-F04E-427C-8851-07EBECA2417A','41AA295B-7655-4D6D-8ED2-919F6EE6A02A','Administrador','administrador','Rol todopoderoso del sistema')
INSERT INTO [vw_aspnet_Roles] ([ApplicationId],[RoleId],[RoleName],[LoweredRoleName],[Description]) VALUES ('340DD3A1-F04E-427C-8851-07EBECA2417A','F6990D49-9F17-4C73-A325-40764ECF7EE8','Administrativo','administrativo','Rol asignado al personal administrativo')
INSERT INTO [vw_aspnet_Roles] ([ApplicationId],[RoleId],[RoleName],[LoweredRoleName],[Description]) VALUES ('340DD3A1-F04E-427C-8851-07EBECA2417A','BF650D66-DF58-4FB5-97A5-467541E37BB9','Alumno','alumno','Rol que se asigna a los alumnos de la institución')
INSERT INTO [vw_aspnet_Roles] ([ApplicationId],[RoleId],[RoleName],[LoweredRoleName],[Description]) VALUES ('340DD3A1-F04E-427C-8851-07EBECA2417A','8B3F6A0E-4C63-4107-8EEB-72BF2BBE1CE6','Director','director','Rol asignado al Director de la institución')
INSERT INTO [vw_aspnet_Roles] ([ApplicationId],[RoleId],[RoleName],[LoweredRoleName],[Description]) VALUES ('340DD3A1-F04E-427C-8851-07EBECA2417A','1D71CC3B-BB8E-44A6-988E-AF05C41F4B98','Docente','docente','Rol asignado a los docentes')
INSERT INTO [vw_aspnet_Roles] ([ApplicationId],[RoleId],[RoleName],[LoweredRoleName],[Description]) VALUES ('340DD3A1-F04E-427C-8851-07EBECA2417A','F6B45E7E-E655-44A7-833A-872112CBEB28','Preceptor','preceptor','Rol asignado a los preceptores para darles acceso al sistema')
INSERT INTO [vw_aspnet_Roles] ([ApplicationId],[RoleId],[RoleName],[LoweredRoleName],[Description]) VALUES ('340DD3A1-F04E-427C-8851-07EBECA2417A','D875CE96-F628-4ECB-8BF2-3A7B6F6BFA05','Psicopedagogo','psicopedagogo','NULL')
INSERT INTO [vw_aspnet_Roles] ([ApplicationId],[RoleId],[RoleName],[LoweredRoleName],[Description]) VALUES ('340DD3A1-F04E-427C-8851-07EBECA2417A','21949D8D-0EB9-496E-9B29-86A5370EA802','Tutor','tutor','NULL')USE [EDUAR_aspnet_services]
GO

SET IDENTITY_INSERT [EDUAR_aspnet_services].[dbo].[yaf_Group] ON

INSERT INTO [yaf_Group]([GroupID],[BoardID],[Name],[Flags],[PMLimit],[Style],[SortOrder],[Description],[UsrSigChars],[UsrSigBBCodes],[UsrSigHTMLTags],[UsrAlbums],[UsrAlbumImages]) VALUES(2,1,'Guests',2,0,'default!font-size: 8pt; font-style: italic; font-weight: bold; color: #0c7333/yafpro!font-size: 8pt; color: #6e1987',1,NULL,0,NULL,NULL,0,0)
INSERT INTO [yaf_Group]([GroupID],[BoardID],[Name],[Flags],[PMLimit],[Style],[SortOrder],[Description],[UsrSigChars],[UsrSigBBCodes],[UsrSigHTMLTags],[UsrAlbums],[UsrAlbumImages]) VALUES(4,1,'Administrador',1,2147483647,'default!font-size: 8pt; color: red/yafpro!font-size: 8pt; color:blue',0,'',256,'URL,IMG,SPOILER,QUOTE','',10,120)
INSERT INTO [yaf_Group]([GroupID],[BoardID],[Name],[Flags],[PMLimit],[Style],[SortOrder],[Description],[UsrSigChars],[UsrSigBBCodes],[UsrSigHTMLTags],[UsrAlbums],[UsrAlbumImages]) VALUES(5,1,'Alumno',0,0,'',0,'',0,'','',0,0)
INSERT INTO [yaf_Group]([GroupID],[BoardID],[Name],[Flags],[PMLimit],[Style],[SortOrder],[Description],[UsrSigChars],[UsrSigBBCodes],[UsrSigHTMLTags],[UsrAlbums],[UsrAlbumImages]) VALUES(6,1,'Docente',8,0,'',0,'',0,'','',0,0)
INSERT INTO [yaf_Group]([GroupID],[BoardID],[Name],[Flags],[PMLimit],[Style],[SortOrder],[Description],[UsrSigChars],[UsrSigBBCodes],[UsrSigHTMLTags],[UsrAlbums],[UsrAlbumImages]) VALUES(7,1,'Tutor',0,0,NULL,0,NULL,0,NULL,NULL,0,0)
INSERT INTO [yaf_Group]([GroupID],[BoardID],[Name],[Flags],[PMLimit],[Style],[SortOrder],[Description],[UsrSigChars],[UsrSigBBCodes],[UsrSigHTMLTags],[UsrAlbums],[UsrAlbumImages]) VALUES(8,1,'Director',8,0,'',0,'',0,'','',0,0)
INSERT INTO [yaf_Group]([GroupID],[BoardID],[Name],[Flags],[PMLimit],[Style],[SortOrder],[Description],[UsrSigChars],[UsrSigBBCodes],[UsrSigHTMLTags],[UsrAlbums],[UsrAlbumImages]) VALUES(9,1,'Psicopedagogo',8,0,'',0,'',0,'','',0,0)
INSERT INTO [yaf_Group]([GroupID],[BoardID],[Name],[Flags],[PMLimit],[Style],[SortOrder],[Description],[UsrSigChars],[UsrSigBBCodes],[UsrSigHTMLTags],[UsrAlbums],[UsrAlbumImages]) VALUES(10,1,'Preceptor',8,0,'',0,'',0,'','',0,0)
INSERT INTO [yaf_Group]([GroupID],[BoardID],[Name],[Flags],[PMLimit],[Style],[SortOrder],[Description],[UsrSigChars],[UsrSigBBCodes],[UsrSigHTMLTags],[UsrAlbums],[UsrAlbumImages]) VALUES(11,1,'Administrativo',8,0,'',0,'',0,'','',0,0)

SET IDENTITY_INSERT [EDUAR_aspnet_services].[dbo].[yaf_Group] OFF

USE [EDUAR_aspnet_services]

SET IDENTITY_INSERT [EDUAR_aspnet_services].[dbo].[yaf_AccessMask] ON

INSERT INTO [yaf_AccessMask]([AccessMaskID],[BoardID],[Name],[Flags],[SortOrder]) VALUES(1,1,'Acceso de Administrador',2047,4)
INSERT INTO [yaf_AccessMask]([AccessMaskID],[BoardID],[Name],[Flags],[SortOrder]) VALUES(2,1,'Acceso de Moderador',1511,3)
INSERT INTO [yaf_AccessMask]([AccessMaskID],[BoardID],[Name],[Flags],[SortOrder]) VALUES(3,1,'Acceso de Miembro',1189,2)
INSERT INTO [yaf_AccessMask]([AccessMaskID],[BoardID],[Name],[Flags],[SortOrder]) VALUES(4,1,'Acceso de Sólo Lectura',1,1)
INSERT INTO [yaf_AccessMask]([AccessMaskID],[BoardID],[Name],[Flags],[SortOrder]) VALUES(5,1,'Sin Acceso',0,0)

SET IDENTITY_INSERT [EDUAR_aspnet_services].[dbo].[yaf_AccessMask] OFF

USE [EDUAR_aspnet_services]
GO
SET IDENTITY_INSERT [EDUAR_aspnet_services].[dbo].[yaf_Category] ON

INSERT INTO [yaf_Category]([CategoryID],[BoardID],[Name],[CategoryImage],[SortOrder],[PollGroupID]) VALUES(1,1,'[1er Año A]','categoryImageSample.gif',1,NULL)
INSERT INTO [yaf_Category]([CategoryID],[BoardID],[Name],[CategoryImage],[SortOrder],[PollGroupID]) VALUES(2,1,'[1er Año B]','categoryImageSample.gif',2,NULL)
INSERT INTO [yaf_Category]([CategoryID],[BoardID],[Name],[CategoryImage],[SortOrder],[PollGroupID]) VALUES(3,1,'[2do Año A]','categoryImageSample.gif',3,NULL)
INSERT INTO [yaf_Category]([CategoryID],[BoardID],[Name],[CategoryImage],[SortOrder],[PollGroupID]) VALUES(4,1,'[2do Año B]','categoryImageSample.gif',4,NULL)
INSERT INTO [yaf_Category]([CategoryID],[BoardID],[Name],[CategoryImage],[SortOrder],[PollGroupID]) VALUES(5,1,'[3er Año A]','categoryImageSample.gif',5,NULL)
INSERT INTO [yaf_Category]([CategoryID],[BoardID],[Name],[CategoryImage],[SortOrder],[PollGroupID]) VALUES(6,1,'[3er Año B]','categoryImageSample.gif',6,NULL)
INSERT INTO [yaf_Category]([CategoryID],[BoardID],[Name],[CategoryImage],[SortOrder],[PollGroupID]) VALUES(7,1,'[4to Año A]','categoryImageSample.gif',7,NULL)
INSERT INTO [yaf_Category]([CategoryID],[BoardID],[Name],[CategoryImage],[SortOrder],[PollGroupID]) VALUES(8,1,'[4to Año B]','categoryImageSample.gif',8,NULL)
INSERT INTO [yaf_Category]([CategoryID],[BoardID],[Name],[CategoryImage],[SortOrder],[PollGroupID]) VALUES(9,1,'[5to Año A]','categoryImageSample.gif',9,NULL)
INSERT INTO [yaf_Category]([CategoryID],[BoardID],[Name],[CategoryImage],[SortOrder],[PollGroupID]) VALUES(10,1,'[5to Año B]','categoryImageSample.gif',10,NULL)
INSERT INTO [yaf_Category]([CategoryID],[BoardID],[Name],[CategoryImage],[SortOrder],[PollGroupID]) VALUES(11,1,'[6to Año A]','categoryImageSample.gif',11,NULL)
INSERT INTO [yaf_Category]([CategoryID],[BoardID],[Name],[CategoryImage],[SortOrder],[PollGroupID]) VALUES(12,1,'[6to Año B]','categoryImageSample.gif',12,NULL)

SET IDENTITY_INSERT [EDUAR_aspnet_services].[dbo].[yaf_Category] OFF

USE [EDUAR_aspnet_services]

SET IDENTITY_INSERT [EDUAR_aspnet_services].[dbo].[yaf_Forum] ON

INSERT INTO [yaf_Forum]([ForumID],[CategoryID],[ParentID],[Name],[Description],[SortOrder],[LastPosted],[LastTopicID],[LastMessageID],[LastUserID],[LastUserName],[NumTopics],[NumPosts],[RemoteURL],[Flags],[ThemeURL],[PollGroupID],[UserID],[ImageURL],[Styles]) VALUES(1,1,NULL,'Biología','Foro dedicado a la asignatura Biología',1,NULL,NULL,NULL,NULL,NULL,1,1,NULL,6,NULL,NULL,NULL,NULL,'')
INSERT INTO [yaf_Forum]([ForumID],[CategoryID],[ParentID],[Name],[Description],[SortOrder],[LastPosted],[LastTopicID],[LastMessageID],[LastUserID],[LastUserName],[NumTopics],[NumPosts],[RemoteURL],[Flags],[ThemeURL],[PollGroupID],[UserID],[ImageURL],[Styles]) VALUES(2,1,NULL,'Matemática','Foro dedicado a la asignatura Matemática',1,NULL,NULL,NULL,NULL,NULL,1,3,NULL,6,NULL,NULL,NULL,NULL,'')
INSERT INTO [yaf_Forum]([ForumID],[CategoryID],[ParentID],[Name],[Description],[SortOrder],[LastPosted],[LastTopicID],[LastMessageID],[LastUserID],[LastUserName],[NumTopics],[NumPosts],[RemoteURL],[Flags],[ThemeURL],[PollGroupID],[UserID],[ImageURL],[Styles]) VALUES(3,1,NULL,'[General]','Foro con informaciòn General del Curso',2,NULL,NULL,NULL,NULL,NULL,0,0,NULL,6,NULL,NULL,NULL,NULL,'')
INSERT INTO [yaf_Forum]([ForumID],[CategoryID],[ParentID],[Name],[Description],[SortOrder],[LastPosted],[LastTopicID],[LastMessageID],[LastUserID],[LastUserName],[NumTopics],[NumPosts],[RemoteURL],[Flags],[ThemeURL],[PollGroupID],[UserID],[ImageURL],[Styles]) VALUES(4,1,3,'Inasistencias','Información General',2,NULL,NULL,NULL,NULL,NULL,1,1,NULL,2,NULL,NULL,NULL,'forumImageSample.gif','')
INSERT INTO [yaf_Forum]([ForumID],[CategoryID],[ParentID],[Name],[Description],[SortOrder],[LastPosted],[LastTopicID],[LastMessageID],[LastUserID],[LastUserName],[NumTopics],[NumPosts],[RemoteURL],[Flags],[ThemeURL],[PollGroupID],[UserID],[ImageURL],[Styles]) VALUES(5,1,NULL,'Lengua y Literatura','Foro para Lengua y Literatura',1,NULL,NULL,NULL,NULL,NULL,0,0,NULL,2,NULL,NULL,NULL,NULL,'')
INSERT INTO [yaf_Forum]([ForumID],[CategoryID],[ParentID],[Name],[Description],[SortOrder],[LastPosted],[LastTopicID],[LastMessageID],[LastUserID],[LastUserName],[NumTopics],[NumPosts],[RemoteURL],[Flags],[ThemeURL],[PollGroupID],[UserID],[ImageURL],[Styles]) VALUES(6,1,NULL,'Física','Foro para Fisica',1,NULL,NULL,NULL,NULL,NULL,1,2,NULL,0,NULL,NULL,NULL,NULL,'')
INSERT INTO [yaf_Forum]([ForumID],[CategoryID],[ParentID],[Name],[Description],[SortOrder],[LastPosted],[LastTopicID],[LastMessageID],[LastUserID],[LastUserName],[NumTopics],[NumPosts],[RemoteURL],[Flags],[ThemeURL],[PollGroupID],[UserID],[ImageURL],[Styles]) VALUES(7,1,NULL,'Geografía','Foro para Geografía',1,NULL,NULL,NULL,NULL,NULL,0,0,NULL,0,NULL,NULL,NULL,NULL,'')
INSERT INTO [yaf_Forum]([ForumID],[CategoryID],[ParentID],[Name],[Description],[SortOrder],[LastPosted],[LastTopicID],[LastMessageID],[LastUserID],[LastUserName],[NumTopics],[NumPosts],[RemoteURL],[Flags],[ThemeURL],[PollGroupID],[UserID],[ImageURL],[Styles]) VALUES(8,1,NULL,'Química','Foro para Química',1,NULL,NULL,NULL,NULL,NULL,0,0,NULL,0,NULL,NULL,NULL,NULL,'')
INSERT INTO [yaf_Forum]([ForumID],[CategoryID],[ParentID],[Name],[Description],[SortOrder],[LastPosted],[LastTopicID],[LastMessageID],[LastUserID],[LastUserName],[NumTopics],[NumPosts],[RemoteURL],[Flags],[ThemeURL],[PollGroupID],[UserID],[ImageURL],[Styles]) VALUES(9,1,NULL,'Historia','Foro para Historia',1,NULL,NULL,NULL,NULL,NULL,0,0,NULL,0,NULL,NULL,NULL,NULL,'')
INSERT INTO [yaf_Forum]([ForumID],[CategoryID],[ParentID],[Name],[Description],[SortOrder],[LastPosted],[LastTopicID],[LastMessageID],[LastUserID],[LastUserName],[NumTopics],[NumPosts],[RemoteURL],[Flags],[ThemeURL],[PollGroupID],[UserID],[ImageURL],[Styles]) VALUES(10,2,NULL,'Lengua y Literatura','Foro para Lengua y Literatura',1,NULL,NULL,NULL,NULL,NULL,0,0,NULL,0,NULL,NULL,NULL,NULL,'')
INSERT INTO [yaf_Forum]([ForumID],[CategoryID],[ParentID],[Name],[Description],[SortOrder],[LastPosted],[LastTopicID],[LastMessageID],[LastUserID],[LastUserName],[NumTopics],[NumPosts],[RemoteURL],[Flags],[ThemeURL],[PollGroupID],[UserID],[ImageURL],[Styles]) VALUES(11,2,NULL,'Matemática','Foro para Matemática',1,NULL,NULL,NULL,NULL,NULL,0,0,NULL,0,NULL,NULL,NULL,NULL,'')
INSERT INTO [yaf_Forum]([ForumID],[CategoryID],[ParentID],[Name],[Description],[SortOrder],[LastPosted],[LastTopicID],[LastMessageID],[LastUserID],[LastUserName],[NumTopics],[NumPosts],[RemoteURL],[Flags],[ThemeURL],[PollGroupID],[UserID],[ImageURL],[Styles]) VALUES(12,2,NULL,'Biología','Foro para Biología',1,NULL,NULL,NULL,NULL,NULL,0,0,NULL,0,NULL,NULL,NULL,NULL,'')
INSERT INTO [yaf_Forum]([ForumID],[CategoryID],[ParentID],[Name],[Description],[SortOrder],[LastPosted],[LastTopicID],[LastMessageID],[LastUserID],[LastUserName],[NumTopics],[NumPosts],[RemoteURL],[Flags],[ThemeURL],[PollGroupID],[UserID],[ImageURL],[Styles]) VALUES(13,2,NULL,'Física','Foro para Fisica',1,NULL,NULL,NULL,NULL,NULL,0,0,NULL,0,NULL,NULL,NULL,NULL,'')
INSERT INTO [yaf_Forum]([ForumID],[CategoryID],[ParentID],[Name],[Description],[SortOrder],[LastPosted],[LastTopicID],[LastMessageID],[LastUserID],[LastUserName],[NumTopics],[NumPosts],[RemoteURL],[Flags],[ThemeURL],[PollGroupID],[UserID],[ImageURL],[Styles]) VALUES(14,2,NULL,'Geografía','Foro para Geografía',1,NULL,NULL,NULL,NULL,NULL,0,0,NULL,0,NULL,NULL,NULL,NULL,'')
INSERT INTO [yaf_Forum]([ForumID],[CategoryID],[ParentID],[Name],[Description],[SortOrder],[LastPosted],[LastTopicID],[LastMessageID],[LastUserID],[LastUserName],[NumTopics],[NumPosts],[RemoteURL],[Flags],[ThemeURL],[PollGroupID],[UserID],[ImageURL],[Styles]) VALUES(15,2,NULL,'Química','Foro para Química',1,NULL,NULL,NULL,NULL,NULL,0,0,NULL,0,NULL,NULL,NULL,NULL,'')
INSERT INTO [yaf_Forum]([ForumID],[CategoryID],[ParentID],[Name],[Description],[SortOrder],[LastPosted],[LastTopicID],[LastMessageID],[LastUserID],[LastUserName],[NumTopics],[NumPosts],[RemoteURL],[Flags],[ThemeURL],[PollGroupID],[UserID],[ImageURL],[Styles]) VALUES(16,2,NULL,'Historia','Foro para Historia',1,NULL,NULL,NULL,NULL,NULL,0,0,NULL,0,NULL,NULL,NULL,NULL,'')
INSERT INTO [yaf_Forum]([ForumID],[CategoryID],[ParentID],[Name],[Description],[SortOrder],[LastPosted],[LastTopicID],[LastMessageID],[LastUserID],[LastUserName],[NumTopics],[NumPosts],[RemoteURL],[Flags],[ThemeURL],[PollGroupID],[UserID],[ImageURL],[Styles]) VALUES(17,2,NULL,'[General]','Foro con informaciòn General del Curso',2,NULL,NULL,NULL,NULL,NULL,0,0,NULL,6,NULL,NULL,NULL,NULL,'')
INSERT INTO [yaf_Forum]([ForumID],[CategoryID],[ParentID],[Name],[Description],[SortOrder],[LastPosted],[LastTopicID],[LastMessageID],[LastUserID],[LastUserName],[NumTopics],[NumPosts],[RemoteURL],[Flags],[ThemeURL],[PollGroupID],[UserID],[ImageURL],[Styles]) VALUES(18,2,17,'Inasistencias','Información General',2,NULL,NULL,NULL,NULL,NULL,0,0,NULL,2,NULL,NULL,NULL,'forumImageSample.gif','')
INSERT INTO [yaf_Forum]([ForumID],[CategoryID],[ParentID],[Name],[Description],[SortOrder],[LastPosted],[LastTopicID],[LastMessageID],[LastUserID],[LastUserName],[NumTopics],[NumPosts],[RemoteURL],[Flags],[ThemeURL],[PollGroupID],[UserID],[ImageURL],[Styles]) VALUES(19,3,NULL,'Lengua y Literatura','Foro para Lengua y Literatura',1,NULL,NULL,NULL,NULL,NULL,0,0,NULL,2,NULL,NULL,NULL,NULL,'')
INSERT INTO [yaf_Forum]([ForumID],[CategoryID],[ParentID],[Name],[Description],[SortOrder],[LastPosted],[LastTopicID],[LastMessageID],[LastUserID],[LastUserName],[NumTopics],[NumPosts],[RemoteURL],[Flags],[ThemeURL],[PollGroupID],[UserID],[ImageURL],[Styles]) VALUES(20,3,NULL,'Física','Foro para Fisica',1,NULL,NULL,NULL,NULL,NULL,0,0,NULL,0,NULL,NULL,NULL,NULL,'')
INSERT INTO [yaf_Forum]([ForumID],[CategoryID],[ParentID],[Name],[Description],[SortOrder],[LastPosted],[LastTopicID],[LastMessageID],[LastUserID],[LastUserName],[NumTopics],[NumPosts],[RemoteURL],[Flags],[ThemeURL],[PollGroupID],[UserID],[ImageURL],[Styles]) VALUES(21,3,NULL,'Geografía','Foro para Geografía',1,NULL,NULL,NULL,NULL,NULL,0,0,NULL,0,NULL,NULL,NULL,NULL,'')
INSERT INTO [yaf_Forum]([ForumID],[CategoryID],[ParentID],[Name],[Description],[SortOrder],[LastPosted],[LastTopicID],[LastMessageID],[LastUserID],[LastUserName],[NumTopics],[NumPosts],[RemoteURL],[Flags],[ThemeURL],[PollGroupID],[UserID],[ImageURL],[Styles]) VALUES(22,3,NULL,'Química','Foro para Química',1,NULL,NULL,NULL,NULL,NULL,0,0,NULL,0,NULL,NULL,NULL,NULL,'')
INSERT INTO [yaf_Forum]([ForumID],[CategoryID],[ParentID],[Name],[Description],[SortOrder],[LastPosted],[LastTopicID],[LastMessageID],[LastUserID],[LastUserName],[NumTopics],[NumPosts],[RemoteURL],[Flags],[ThemeURL],[PollGroupID],[UserID],[ImageURL],[Styles]) VALUES(23,3,NULL,'Historia','Foro para Historia',1,NULL,NULL,NULL,NULL,NULL,0,0,NULL,0,NULL,NULL,NULL,NULL,'')
INSERT INTO [yaf_Forum]([ForumID],[CategoryID],[ParentID],[Name],[Description],[SortOrder],[LastPosted],[LastTopicID],[LastMessageID],[LastUserID],[LastUserName],[NumTopics],[NumPosts],[RemoteURL],[Flags],[ThemeURL],[PollGroupID],[UserID],[ImageURL],[Styles]) VALUES(24,3,NULL,'Biología','Foro dedicado a la asignatura Biología',1,NULL,NULL,NULL,NULL,NULL,0,0,NULL,6,NULL,NULL,NULL,NULL,'')
INSERT INTO [yaf_Forum]([ForumID],[CategoryID],[ParentID],[Name],[Description],[SortOrder],[LastPosted],[LastTopicID],[LastMessageID],[LastUserID],[LastUserName],[NumTopics],[NumPosts],[RemoteURL],[Flags],[ThemeURL],[PollGroupID],[UserID],[ImageURL],[Styles]) VALUES(25,3,NULL,'Matemática','Foro dedicado a la asignatura Matemática',1,NULL,NULL,NULL,NULL,NULL,0,0,NULL,6,NULL,NULL,NULL,NULL,'')
INSERT INTO [yaf_Forum]([ForumID],[CategoryID],[ParentID],[Name],[Description],[SortOrder],[LastPosted],[LastTopicID],[LastMessageID],[LastUserID],[LastUserName],[NumTopics],[NumPosts],[RemoteURL],[Flags],[ThemeURL],[PollGroupID],[UserID],[ImageURL],[Styles]) VALUES(26,3,NULL,'[General]','Foro con informaciòn General del Curso',2,NULL,NULL,NULL,NULL,NULL,0,0,NULL,6,NULL,NULL,NULL,NULL,'')
INSERT INTO [yaf_Forum]([ForumID],[CategoryID],[ParentID],[Name],[Description],[SortOrder],[LastPosted],[LastTopicID],[LastMessageID],[LastUserID],[LastUserName],[NumTopics],[NumPosts],[RemoteURL],[Flags],[ThemeURL],[PollGroupID],[UserID],[ImageURL],[Styles]) VALUES(27,3,26,'Inasistencias','Información General',2,NULL,NULL,NULL,NULL,NULL,0,0,NULL,2,NULL,NULL,NULL,'forumImageSample.gif','')
INSERT INTO [yaf_Forum]([ForumID],[CategoryID],[ParentID],[Name],[Description],[SortOrder],[LastPosted],[LastTopicID],[LastMessageID],[LastUserID],[LastUserName],[NumTopics],[NumPosts],[RemoteURL],[Flags],[ThemeURL],[PollGroupID],[UserID],[ImageURL],[Styles]) VALUES(28,3,NULL,'Inglés','Foro para Inglés',1,NULL,NULL,NULL,NULL,NULL,0,0,NULL,0,NULL,NULL,NULL,NULL,'')
INSERT INTO [yaf_Forum]([ForumID],[CategoryID],[ParentID],[Name],[Description],[SortOrder],[LastPosted],[LastTopicID],[LastMessageID],[LastUserID],[LastUserName],[NumTopics],[NumPosts],[RemoteURL],[Flags],[ThemeURL],[PollGroupID],[UserID],[ImageURL],[Styles]) VALUES(29,4,NULL,'Lengua y Literatura','Foro para Lengua y Literatura',1,NULL,NULL,NULL,NULL,NULL,0,0,NULL,2,NULL,NULL,NULL,NULL,'')
INSERT INTO [yaf_Forum]([ForumID],[CategoryID],[ParentID],[Name],[Description],[SortOrder],[LastPosted],[LastTopicID],[LastMessageID],[LastUserID],[LastUserName],[NumTopics],[NumPosts],[RemoteURL],[Flags],[ThemeURL],[PollGroupID],[UserID],[ImageURL],[Styles]) VALUES(30,4,NULL,'Física','Foro para Fisica',1,NULL,NULL,NULL,NULL,NULL,0,0,NULL,0,NULL,NULL,NULL,NULL,'')
INSERT INTO [yaf_Forum]([ForumID],[CategoryID],[ParentID],[Name],[Description],[SortOrder],[LastPosted],[LastTopicID],[LastMessageID],[LastUserID],[LastUserName],[NumTopics],[NumPosts],[RemoteURL],[Flags],[ThemeURL],[PollGroupID],[UserID],[ImageURL],[Styles]) VALUES(31,4,NULL,'Geografía','Foro para Geografía',1,NULL,NULL,NULL,NULL,NULL,0,0,NULL,0,NULL,NULL,NULL,NULL,'')
INSERT INTO [yaf_Forum]([ForumID],[CategoryID],[ParentID],[Name],[Description],[SortOrder],[LastPosted],[LastTopicID],[LastMessageID],[LastUserID],[LastUserName],[NumTopics],[NumPosts],[RemoteURL],[Flags],[ThemeURL],[PollGroupID],[UserID],[ImageURL],[Styles]) VALUES(32,4,NULL,'Química','Foro para Química',1,NULL,NULL,NULL,NULL,NULL,0,0,NULL,0,NULL,NULL,NULL,NULL,'')
INSERT INTO [yaf_Forum]([ForumID],[CategoryID],[ParentID],[Name],[Description],[SortOrder],[LastPosted],[LastTopicID],[LastMessageID],[LastUserID],[LastUserName],[NumTopics],[NumPosts],[RemoteURL],[Flags],[ThemeURL],[PollGroupID],[UserID],[ImageURL],[Styles]) VALUES(33,4,NULL,'Historia','Foro para Historia',1,NULL,NULL,NULL,NULL,NULL,0,0,NULL,0,NULL,NULL,NULL,NULL,'')
INSERT INTO [yaf_Forum]([ForumID],[CategoryID],[ParentID],[Name],[Description],[SortOrder],[LastPosted],[LastTopicID],[LastMessageID],[LastUserID],[LastUserName],[NumTopics],[NumPosts],[RemoteURL],[Flags],[ThemeURL],[PollGroupID],[UserID],[ImageURL],[Styles]) VALUES(34,4,NULL,'Biología','Foro dedicado a la asignatura Biología',1,NULL,NULL,NULL,NULL,NULL,0,0,NULL,6,NULL,NULL,NULL,NULL,'')
INSERT INTO [yaf_Forum]([ForumID],[CategoryID],[ParentID],[Name],[Description],[SortOrder],[LastPosted],[LastTopicID],[LastMessageID],[LastUserID],[LastUserName],[NumTopics],[NumPosts],[RemoteURL],[Flags],[ThemeURL],[PollGroupID],[UserID],[ImageURL],[Styles]) VALUES(35,4,NULL,'Matemática','Foro dedicado a la asignatura Matemática',1,NULL,NULL,NULL,NULL,NULL,0,0,NULL,6,NULL,NULL,NULL,NULL,'')
INSERT INTO [yaf_Forum]([ForumID],[CategoryID],[ParentID],[Name],[Description],[SortOrder],[LastPosted],[LastTopicID],[LastMessageID],[LastUserID],[LastUserName],[NumTopics],[NumPosts],[RemoteURL],[Flags],[ThemeURL],[PollGroupID],[UserID],[ImageURL],[Styles]) VALUES(36,4,NULL,'Inglés','Foro para Inglés',1,NULL,NULL,NULL,NULL,NULL,0,0,NULL,0,NULL,NULL,NULL,NULL,'')
INSERT INTO [yaf_Forum]([ForumID],[CategoryID],[ParentID],[Name],[Description],[SortOrder],[LastPosted],[LastTopicID],[LastMessageID],[LastUserID],[LastUserName],[NumTopics],[NumPosts],[RemoteURL],[Flags],[ThemeURL],[PollGroupID],[UserID],[ImageURL],[Styles]) VALUES(37,4,NULL,'[General]','Foro con informaciòn General del Curso',2,NULL,NULL,NULL,NULL,NULL,0,0,NULL,6,NULL,NULL,NULL,NULL,'')
INSERT INTO [yaf_Forum]([ForumID],[CategoryID],[ParentID],[Name],[Description],[SortOrder],[LastPosted],[LastTopicID],[LastMessageID],[LastUserID],[LastUserName],[NumTopics],[NumPosts],[RemoteURL],[Flags],[ThemeURL],[PollGroupID],[UserID],[ImageURL],[Styles]) VALUES(38,4,37,'Inasistencias','Información General',2,NULL,NULL,NULL,NULL,NULL,0,0,NULL,2,NULL,NULL,NULL,'forumImageSample.gif','')
INSERT INTO [yaf_Forum]([ForumID],[CategoryID],[ParentID],[Name],[Description],[SortOrder],[LastPosted],[LastTopicID],[LastMessageID],[LastUserID],[LastUserName],[NumTopics],[NumPosts],[RemoteURL],[Flags],[ThemeURL],[PollGroupID],[UserID],[ImageURL],[Styles]) VALUES(39,5,NULL,'Lengua y Literatura','Foro para Lengua y Literatura',1,NULL,NULL,NULL,NULL,NULL,0,0,NULL,2,NULL,NULL,NULL,NULL,'')
INSERT INTO [yaf_Forum]([ForumID],[CategoryID],[ParentID],[Name],[Description],[SortOrder],[LastPosted],[LastTopicID],[LastMessageID],[LastUserID],[LastUserName],[NumTopics],[NumPosts],[RemoteURL],[Flags],[ThemeURL],[PollGroupID],[UserID],[ImageURL],[Styles]) VALUES(40,5,NULL,'Física','Foro para Fisica',1,NULL,NULL,NULL,NULL,NULL,0,0,NULL,0,NULL,NULL,NULL,NULL,'')
INSERT INTO [yaf_Forum]([ForumID],[CategoryID],[ParentID],[Name],[Description],[SortOrder],[LastPosted],[LastTopicID],[LastMessageID],[LastUserID],[LastUserName],[NumTopics],[NumPosts],[RemoteURL],[Flags],[ThemeURL],[PollGroupID],[UserID],[ImageURL],[Styles]) VALUES(41,5,NULL,'Geografía','Foro para Geografía',1,NULL,NULL,NULL,NULL,NULL,0,0,NULL,0,NULL,NULL,NULL,NULL,'')
INSERT INTO [yaf_Forum]([ForumID],[CategoryID],[ParentID],[Name],[Description],[SortOrder],[LastPosted],[LastTopicID],[LastMessageID],[LastUserID],[LastUserName],[NumTopics],[NumPosts],[RemoteURL],[Flags],[ThemeURL],[PollGroupID],[UserID],[ImageURL],[Styles]) VALUES(42,5,NULL,'Química','Foro para Química',1,NULL,NULL,NULL,NULL,NULL,0,0,NULL,0,NULL,NULL,NULL,NULL,'')
INSERT INTO [yaf_Forum]([ForumID],[CategoryID],[ParentID],[Name],[Description],[SortOrder],[LastPosted],[LastTopicID],[LastMessageID],[LastUserID],[LastUserName],[NumTopics],[NumPosts],[RemoteURL],[Flags],[ThemeURL],[PollGroupID],[UserID],[ImageURL],[Styles]) VALUES(43,5,NULL,'Historia','Foro para Historia',1,NULL,NULL,NULL,NULL,NULL,0,0,NULL,0,NULL,NULL,NULL,NULL,'')
INSERT INTO [yaf_Forum]([ForumID],[CategoryID],[ParentID],[Name],[Description],[SortOrder],[LastPosted],[LastTopicID],[LastMessageID],[LastUserID],[LastUserName],[NumTopics],[NumPosts],[RemoteURL],[Flags],[ThemeURL],[PollGroupID],[UserID],[ImageURL],[Styles]) VALUES(44,5,NULL,'Biología','Foro dedicado a la asignatura Biología',1,NULL,NULL,NULL,NULL,NULL,0,0,NULL,6,NULL,NULL,NULL,NULL,'')
INSERT INTO [yaf_Forum]([ForumID],[CategoryID],[ParentID],[Name],[Description],[SortOrder],[LastPosted],[LastTopicID],[LastMessageID],[LastUserID],[LastUserName],[NumTopics],[NumPosts],[RemoteURL],[Flags],[ThemeURL],[PollGroupID],[UserID],[ImageURL],[Styles]) VALUES(45,5,NULL,'Matemática','Foro dedicado a la asignatura Matemática',1,NULL,NULL,NULL,NULL,NULL,0,0,NULL,6,NULL,NULL,NULL,NULL,'')
INSERT INTO [yaf_Forum]([ForumID],[CategoryID],[ParentID],[Name],[Description],[SortOrder],[LastPosted],[LastTopicID],[LastMessageID],[LastUserID],[LastUserName],[NumTopics],[NumPosts],[RemoteURL],[Flags],[ThemeURL],[PollGroupID],[UserID],[ImageURL],[Styles]) VALUES(46,5,NULL,'Inglés','Foro para Inglés',1,NULL,NULL,NULL,NULL,NULL,0,0,NULL,0,NULL,NULL,NULL,NULL,'')
INSERT INTO [yaf_Forum]([ForumID],[CategoryID],[ParentID],[Name],[Description],[SortOrder],[LastPosted],[LastTopicID],[LastMessageID],[LastUserID],[LastUserName],[NumTopics],[NumPosts],[RemoteURL],[Flags],[ThemeURL],[PollGroupID],[UserID],[ImageURL],[Styles]) VALUES(47,5,NULL,'[General]','Foro con informaciòn General del Curso',2,NULL,NULL,NULL,NULL,NULL,0,0,NULL,6,NULL,NULL,NULL,NULL,'')
INSERT INTO [yaf_Forum]([ForumID],[CategoryID],[ParentID],[Name],[Description],[SortOrder],[LastPosted],[LastTopicID],[LastMessageID],[LastUserID],[LastUserName],[NumTopics],[NumPosts],[RemoteURL],[Flags],[ThemeURL],[PollGroupID],[UserID],[ImageURL],[Styles]) VALUES(48,5,47,'Inasistencias','Información General',2,NULL,NULL,NULL,NULL,NULL,0,0,NULL,2,NULL,NULL,NULL,'forumImageSample.gif','')
INSERT INTO [yaf_Forum]([ForumID],[CategoryID],[ParentID],[Name],[Description],[SortOrder],[LastPosted],[LastTopicID],[LastMessageID],[LastUserID],[LastUserName],[NumTopics],[NumPosts],[RemoteURL],[Flags],[ThemeURL],[PollGroupID],[UserID],[ImageURL],[Styles]) VALUES(49,6,NULL,'Lengua y Literatura','Foro para Lengua y Literatura',1,NULL,NULL,NULL,NULL,NULL,0,0,NULL,2,NULL,NULL,NULL,NULL,'')
INSERT INTO [yaf_Forum]([ForumID],[CategoryID],[ParentID],[Name],[Description],[SortOrder],[LastPosted],[LastTopicID],[LastMessageID],[LastUserID],[LastUserName],[NumTopics],[NumPosts],[RemoteURL],[Flags],[ThemeURL],[PollGroupID],[UserID],[ImageURL],[Styles]) VALUES(50,6,NULL,'Física','Foro para Fisica',1,NULL,NULL,NULL,NULL,NULL,0,0,NULL,0,NULL,NULL,NULL,NULL,'')
INSERT INTO [yaf_Forum]([ForumID],[CategoryID],[ParentID],[Name],[Description],[SortOrder],[LastPosted],[LastTopicID],[LastMessageID],[LastUserID],[LastUserName],[NumTopics],[NumPosts],[RemoteURL],[Flags],[ThemeURL],[PollGroupID],[UserID],[ImageURL],[Styles]) VALUES(51,6,NULL,'Geografía','Foro para Geografía',1,NULL,NULL,NULL,NULL,NULL,0,0,NULL,0,NULL,NULL,NULL,NULL,'')
INSERT INTO [yaf_Forum]([ForumID],[CategoryID],[ParentID],[Name],[Description],[SortOrder],[LastPosted],[LastTopicID],[LastMessageID],[LastUserID],[LastUserName],[NumTopics],[NumPosts],[RemoteURL],[Flags],[ThemeURL],[PollGroupID],[UserID],[ImageURL],[Styles]) VALUES(52,6,NULL,'Química','Foro para Química',1,NULL,NULL,NULL,NULL,NULL,0,0,NULL,0,NULL,NULL,NULL,NULL,'')
INSERT INTO [yaf_Forum]([ForumID],[CategoryID],[ParentID],[Name],[Description],[SortOrder],[LastPosted],[LastTopicID],[LastMessageID],[LastUserID],[LastUserName],[NumTopics],[NumPosts],[RemoteURL],[Flags],[ThemeURL],[PollGroupID],[UserID],[ImageURL],[Styles]) VALUES(53,6,NULL,'Historia','Foro para Historia',1,NULL,NULL,NULL,NULL,NULL,0,0,NULL,0,NULL,NULL,NULL,NULL,'')
INSERT INTO [yaf_Forum]([ForumID],[CategoryID],[ParentID],[Name],[Description],[SortOrder],[LastPosted],[LastTopicID],[LastMessageID],[LastUserID],[LastUserName],[NumTopics],[NumPosts],[RemoteURL],[Flags],[ThemeURL],[PollGroupID],[UserID],[ImageURL],[Styles]) VALUES(54,6,NULL,'Biología','Foro dedicado a la asignatura Biología',1,NULL,NULL,NULL,NULL,NULL,0,0,NULL,6,NULL,NULL,NULL,NULL,'')
INSERT INTO [yaf_Forum]([ForumID],[CategoryID],[ParentID],[Name],[Description],[SortOrder],[LastPosted],[LastTopicID],[LastMessageID],[LastUserID],[LastUserName],[NumTopics],[NumPosts],[RemoteURL],[Flags],[ThemeURL],[PollGroupID],[UserID],[ImageURL],[Styles]) VALUES(55,6,NULL,'Matemática','Foro dedicado a la asignatura Matemática',1,NULL,NULL,NULL,NULL,NULL,0,0,NULL,6,NULL,NULL,NULL,NULL,'')
INSERT INTO [yaf_Forum]([ForumID],[CategoryID],[ParentID],[Name],[Description],[SortOrder],[LastPosted],[LastTopicID],[LastMessageID],[LastUserID],[LastUserName],[NumTopics],[NumPosts],[RemoteURL],[Flags],[ThemeURL],[PollGroupID],[UserID],[ImageURL],[Styles]) VALUES(56,6,NULL,'Inglés','Foro para Inglés',1,NULL,NULL,NULL,NULL,NULL,0,0,NULL,0,NULL,NULL,NULL,NULL,'')
INSERT INTO [yaf_Forum]([ForumID],[CategoryID],[ParentID],[Name],[Description],[SortOrder],[LastPosted],[LastTopicID],[LastMessageID],[LastUserID],[LastUserName],[NumTopics],[NumPosts],[RemoteURL],[Flags],[ThemeURL],[PollGroupID],[UserID],[ImageURL],[Styles]) VALUES(57,6,NULL,'[General]','Foro con informaciòn General del Curso',2,NULL,NULL,NULL,NULL,NULL,0,0,NULL,6,NULL,NULL,NULL,NULL,'')
INSERT INTO [yaf_Forum]([ForumID],[CategoryID],[ParentID],[Name],[Description],[SortOrder],[LastPosted],[LastTopicID],[LastMessageID],[LastUserID],[LastUserName],[NumTopics],[NumPosts],[RemoteURL],[Flags],[ThemeURL],[PollGroupID],[UserID],[ImageURL],[Styles]) VALUES(58,6,57,'Inasistencias','Información General',2,NULL,NULL,NULL,NULL,NULL,0,0,NULL,2,NULL,NULL,NULL,'forumImageSample.gif','')
INSERT INTO [yaf_Forum]([ForumID],[CategoryID],[ParentID],[Name],[Description],[SortOrder],[LastPosted],[LastTopicID],[LastMessageID],[LastUserID],[LastUserName],[NumTopics],[NumPosts],[RemoteURL],[Flags],[ThemeURL],[PollGroupID],[UserID],[ImageURL],[Styles]) VALUES(59,7,NULL,'Matemática','Foro dedicado a la asignatura Matemática',1,NULL,NULL,NULL,NULL,NULL,0,0,NULL,6,NULL,NULL,NULL,NULL,'')
INSERT INTO [yaf_Forum]([ForumID],[CategoryID],[ParentID],[Name],[Description],[SortOrder],[LastPosted],[LastTopicID],[LastMessageID],[LastUserID],[LastUserName],[NumTopics],[NumPosts],[RemoteURL],[Flags],[ThemeURL],[PollGroupID],[UserID],[ImageURL],[Styles]) VALUES(60,7,NULL,'Inglés','Foro para Inglés',1,NULL,NULL,NULL,NULL,NULL,0,0,NULL,0,NULL,NULL,NULL,NULL,'')
INSERT INTO [yaf_Forum]([ForumID],[CategoryID],[ParentID],[Name],[Description],[SortOrder],[LastPosted],[LastTopicID],[LastMessageID],[LastUserID],[LastUserName],[NumTopics],[NumPosts],[RemoteURL],[Flags],[ThemeURL],[PollGroupID],[UserID],[ImageURL],[Styles]) VALUES(61,7,NULL,'Formación para la vida y el trabajo','Foro para Formación para la vida y el trabajo',1,NULL,NULL,NULL,NULL,NULL,0,0,NULL,0,NULL,NULL,NULL,NULL,'')
INSERT INTO [yaf_Forum]([ForumID],[CategoryID],[ParentID],[Name],[Description],[SortOrder],[LastPosted],[LastTopicID],[LastMessageID],[LastUserID],[LastUserName],[NumTopics],[NumPosts],[RemoteURL],[Flags],[ThemeURL],[PollGroupID],[UserID],[ImageURL],[Styles]) VALUES(62,7,NULL,'Ciudadanía y Política','Foro para Ciudadanía y Política',1,NULL,NULL,NULL,NULL,NULL,0,0,NULL,0,NULL,NULL,NULL,NULL,'')
INSERT INTO [yaf_Forum]([ForumID],[CategoryID],[ParentID],[Name],[Description],[SortOrder],[LastPosted],[LastTopicID],[LastMessageID],[LastUserID],[LastUserName],[NumTopics],[NumPosts],[RemoteURL],[Flags],[ThemeURL],[PollGroupID],[UserID],[ImageURL],[Styles]) VALUES(63,8,NULL,'Estructura y Funcionamiento de los SDI','Foro para Estructura y Funcionamiento de los Sistemas Digitales de información',1,NULL,NULL,NULL,NULL,NULL,0,0,NULL,0,NULL,NULL,NULL,NULL,'')
INSERT INTO [yaf_Forum]([ForumID],[CategoryID],[ParentID],[Name],[Description],[SortOrder],[LastPosted],[LastTopicID],[LastMessageID],[LastUserID],[LastUserName],[NumTopics],[NumPosts],[RemoteURL],[Flags],[ThemeURL],[PollGroupID],[UserID],[ImageURL],[Styles]) VALUES(64,7,NULL,'Algoritmos, Lenguajes y Técnicas de Programación','Foro para Algoritmos, Lenguajes y Técnicas de Programación',1,NULL,NULL,NULL,NULL,NULL,0,0,NULL,0,NULL,NULL,NULL,NULL,'')
INSERT INTO [yaf_Forum]([ForumID],[CategoryID],[ParentID],[Name],[Description],[SortOrder],[LastPosted],[LastTopicID],[LastMessageID],[LastUserID],[LastUserName],[NumTopics],[NumPosts],[RemoteURL],[Flags],[ThemeURL],[PollGroupID],[UserID],[ImageURL],[Styles]) VALUES(65,7,NULL,'Desarrollo de aplicaciones','Foro para Desarrollo de aplicaciones',1,NULL,NULL,NULL,NULL,NULL,0,0,NULL,0,NULL,NULL,NULL,NULL,'')
INSERT INTO [yaf_Forum]([ForumID],[CategoryID],[ParentID],[Name],[Description],[SortOrder],[LastPosted],[LastTopicID],[LastMessageID],[LastUserID],[LastUserName],[NumTopics],[NumPosts],[RemoteURL],[Flags],[ThemeURL],[PollGroupID],[UserID],[ImageURL],[Styles]) VALUES(66,7,NULL,'Alfabetización Informática','Foro para Alfabetización Informática',1,NULL,NULL,NULL,NULL,NULL,0,0,NULL,0,NULL,NULL,NULL,NULL,'')
INSERT INTO [yaf_Forum]([ForumID],[CategoryID],[ParentID],[Name],[Description],[SortOrder],[LastPosted],[LastTopicID],[LastMessageID],[LastUserID],[LastUserName],[NumTopics],[NumPosts],[RemoteURL],[Flags],[ThemeURL],[PollGroupID],[UserID],[ImageURL],[Styles]) VALUES(67,7,NULL,'[General]','Foro con informaciòn General del Curso',2,NULL,NULL,NULL,NULL,NULL,0,0,NULL,6,NULL,NULL,NULL,NULL,'')
INSERT INTO [yaf_Forum]([ForumID],[CategoryID],[ParentID],[Name],[Description],[SortOrder],[LastPosted],[LastTopicID],[LastMessageID],[LastUserID],[LastUserName],[NumTopics],[NumPosts],[RemoteURL],[Flags],[ThemeURL],[PollGroupID],[UserID],[ImageURL],[Styles]) VALUES(68,7,67,'Inasistencias','Información General',2,NULL,NULL,NULL,NULL,NULL,0,0,NULL,2,NULL,NULL,NULL,'forumImageSample.gif','')
INSERT INTO [yaf_Forum]([ForumID],[CategoryID],[ParentID],[Name],[Description],[SortOrder],[LastPosted],[LastTopicID],[LastMessageID],[LastUserID],[LastUserName],[NumTopics],[NumPosts],[RemoteURL],[Flags],[ThemeURL],[PollGroupID],[UserID],[ImageURL],[Styles]) VALUES(69,7,NULL,'Estructura y Funcionamiento de los SDI','Foro para Estructura y Funcionamiento de los Sistemas Digitales de información',1,NULL,NULL,NULL,NULL,NULL,0,0,NULL,0,NULL,NULL,NULL,NULL,'')
INSERT INTO [yaf_Forum]([ForumID],[CategoryID],[ParentID],[Name],[Description],[SortOrder],[LastPosted],[LastTopicID],[LastMessageID],[LastUserID],[LastUserName],[NumTopics],[NumPosts],[RemoteURL],[Flags],[ThemeURL],[PollGroupID],[UserID],[ImageURL],[Styles]) VALUES(70,8,NULL,'Matemática','Foro dedicado a la asignatura Matemática',1,NULL,NULL,NULL,NULL,NULL,0,0,NULL,6,NULL,NULL,NULL,NULL,'')
INSERT INTO [yaf_Forum]([ForumID],[CategoryID],[ParentID],[Name],[Description],[SortOrder],[LastPosted],[LastTopicID],[LastMessageID],[LastUserID],[LastUserName],[NumTopics],[NumPosts],[RemoteURL],[Flags],[ThemeURL],[PollGroupID],[UserID],[ImageURL],[Styles]) VALUES(71,8,NULL,'Inglés','Foro para Inglés',1,NULL,NULL,NULL,NULL,NULL,0,0,NULL,0,NULL,NULL,NULL,NULL,'')
INSERT INTO [yaf_Forum]([ForumID],[CategoryID],[ParentID],[Name],[Description],[SortOrder],[LastPosted],[LastTopicID],[LastMessageID],[LastUserID],[LastUserName],[NumTopics],[NumPosts],[RemoteURL],[Flags],[ThemeURL],[PollGroupID],[UserID],[ImageURL],[Styles]) VALUES(72,8,NULL,'Formación para la vida y el trabajo','Foro para Formación para la vida y el trabajo',1,NULL,NULL,NULL,NULL,NULL,0,0,NULL,0,NULL,NULL,NULL,NULL,'')
INSERT INTO [yaf_Forum]([ForumID],[CategoryID],[ParentID],[Name],[Description],[SortOrder],[LastPosted],[LastTopicID],[LastMessageID],[LastUserID],[LastUserName],[NumTopics],[NumPosts],[RemoteURL],[Flags],[ThemeURL],[PollGroupID],[UserID],[ImageURL],[Styles]) VALUES(73,8,NULL,'Ciudadanía y Política','Foro para Ciudadanía y Política',1,NULL,NULL,NULL,NULL,NULL,0,0,NULL,0,NULL,NULL,NULL,NULL,'')
INSERT INTO [yaf_Forum]([ForumID],[CategoryID],[ParentID],[Name],[Description],[SortOrder],[LastPosted],[LastTopicID],[LastMessageID],[LastUserID],[LastUserName],[NumTopics],[NumPosts],[RemoteURL],[Flags],[ThemeURL],[PollGroupID],[UserID],[ImageURL],[Styles]) VALUES(74,8,NULL,'Algoritmos, Lenguajes y Técnicas de Programación','Foro para Algoritmos, Lenguajes y Técnicas de Programación',1,NULL,NULL,NULL,NULL,NULL,0,0,NULL,0,NULL,NULL,NULL,NULL,'')
INSERT INTO [yaf_Forum]([ForumID],[CategoryID],[ParentID],[Name],[Description],[SortOrder],[LastPosted],[LastTopicID],[LastMessageID],[LastUserID],[LastUserName],[NumTopics],[NumPosts],[RemoteURL],[Flags],[ThemeURL],[PollGroupID],[UserID],[ImageURL],[Styles]) VALUES(75,8,NULL,'Desarrollo de aplicaciones','Foro para Desarrollo de aplicaciones',1,NULL,NULL,NULL,NULL,NULL,0,0,NULL,0,NULL,NULL,NULL,NULL,'')
INSERT INTO [yaf_Forum]([ForumID],[CategoryID],[ParentID],[Name],[Description],[SortOrder],[LastPosted],[LastTopicID],[LastMessageID],[LastUserID],[LastUserName],[NumTopics],[NumPosts],[RemoteURL],[Flags],[ThemeURL],[PollGroupID],[UserID],[ImageURL],[Styles]) VALUES(76,8,NULL,'Alfabetización Informática','Foro para Alfabetización Informática',1,NULL,NULL,NULL,NULL,NULL,0,0,NULL,0,NULL,NULL,NULL,NULL,'')
INSERT INTO [yaf_Forum]([ForumID],[CategoryID],[ParentID],[Name],[Description],[SortOrder],[LastPosted],[LastTopicID],[LastMessageID],[LastUserID],[LastUserName],[NumTopics],[NumPosts],[RemoteURL],[Flags],[ThemeURL],[PollGroupID],[UserID],[ImageURL],[Styles]) VALUES(77,8,NULL,'[General]','Foro con informaciòn General del Curso',2,NULL,NULL,NULL,NULL,NULL,0,0,NULL,6,NULL,NULL,NULL,NULL,'')
INSERT INTO [yaf_Forum]([ForumID],[CategoryID],[ParentID],[Name],[Description],[SortOrder],[LastPosted],[LastTopicID],[LastMessageID],[LastUserID],[LastUserName],[NumTopics],[NumPosts],[RemoteURL],[Flags],[ThemeURL],[PollGroupID],[UserID],[ImageURL],[Styles]) VALUES(78,8,77,'Inasistencias','Información General',2,NULL,NULL,NULL,NULL,NULL,0,0,NULL,2,NULL,NULL,NULL,'forumImageSample.gif','')
INSERT INTO [yaf_Forum]([ForumID],[CategoryID],[ParentID],[Name],[Description],[SortOrder],[LastPosted],[LastTopicID],[LastMessageID],[LastUserID],[LastUserName],[NumTopics],[NumPosts],[RemoteURL],[Flags],[ThemeURL],[PollGroupID],[UserID],[ImageURL],[Styles]) VALUES(79,9,NULL,'Matemática','Foro dedicado a la asignatura Matemática',1,NULL,NULL,NULL,NULL,NULL,0,0,NULL,6,NULL,NULL,NULL,NULL,'')
INSERT INTO [yaf_Forum]([ForumID],[CategoryID],[ParentID],[Name],[Description],[SortOrder],[LastPosted],[LastTopicID],[LastMessageID],[LastUserID],[LastUserName],[NumTopics],[NumPosts],[RemoteURL],[Flags],[ThemeURL],[PollGroupID],[UserID],[ImageURL],[Styles]) VALUES(80,9,NULL,'Física','Foro para Fisica',1,NULL,NULL,NULL,NULL,NULL,0,0,NULL,0,NULL,NULL,NULL,NULL,'')
INSERT INTO [yaf_Forum]([ForumID],[CategoryID],[ParentID],[Name],[Description],[SortOrder],[LastPosted],[LastTopicID],[LastMessageID],[LastUserID],[LastUserName],[NumTopics],[NumPosts],[RemoteURL],[Flags],[ThemeURL],[PollGroupID],[UserID],[ImageURL],[Styles]) VALUES(81,9,NULL,'Inglés','Foro para Inglés',1,NULL,NULL,NULL,NULL,NULL,0,0,NULL,0,NULL,NULL,NULL,NULL,'')
INSERT INTO [yaf_Forum]([ForumID],[CategoryID],[ParentID],[Name],[Description],[SortOrder],[LastPosted],[LastTopicID],[LastMessageID],[LastUserID],[LastUserName],[NumTopics],[NumPosts],[RemoteURL],[Flags],[ThemeURL],[PollGroupID],[UserID],[ImageURL],[Styles]) VALUES(82,9,NULL,'Formación para la vida y el trabajo','Foro para Formación para la vida y el trabajo',1,NULL,NULL,NULL,NULL,NULL,0,0,NULL,0,NULL,NULL,NULL,NULL,'')
INSERT INTO [yaf_Forum]([ForumID],[CategoryID],[ParentID],[Name],[Description],[SortOrder],[LastPosted],[LastTopicID],[LastMessageID],[LastUserID],[LastUserName],[NumTopics],[NumPosts],[RemoteURL],[Flags],[ThemeURL],[PollGroupID],[UserID],[ImageURL],[Styles]) VALUES(83,9,NULL,'Ciudadanía y Política','Foro para Ciudadanía y Política',1,NULL,NULL,NULL,NULL,NULL,0,0,NULL,0,NULL,NULL,NULL,NULL,'')
INSERT INTO [yaf_Forum]([ForumID],[CategoryID],[ParentID],[Name],[Description],[SortOrder],[LastPosted],[LastTopicID],[LastMessageID],[LastUserID],[LastUserName],[NumTopics],[NumPosts],[RemoteURL],[Flags],[ThemeURL],[PollGroupID],[UserID],[ImageURL],[Styles]) VALUES(84,9,NULL,'Algoritmos, Lenguajes y Técnicas de Programación','Foro para Algoritmos, Lenguajes y Técnicas de Programación',1,NULL,NULL,NULL,NULL,NULL,0,0,NULL,0,NULL,NULL,NULL,NULL,'')
INSERT INTO [yaf_Forum]([ForumID],[CategoryID],[ParentID],[Name],[Description],[SortOrder],[LastPosted],[LastTopicID],[LastMessageID],[LastUserID],[LastUserName],[NumTopics],[NumPosts],[RemoteURL],[Flags],[ThemeURL],[PollGroupID],[UserID],[ImageURL],[Styles]) VALUES(85,9,NULL,'Desarrollo de aplicaciones','Foro para Desarrollo de aplicaciones',1,NULL,NULL,NULL,NULL,NULL,0,0,NULL,0,NULL,NULL,NULL,NULL,'')
INSERT INTO [yaf_Forum]([ForumID],[CategoryID],[ParentID],[Name],[Description],[SortOrder],[LastPosted],[LastTopicID],[LastMessageID],[LastUserID],[LastUserName],[NumTopics],[NumPosts],[RemoteURL],[Flags],[ThemeURL],[PollGroupID],[UserID],[ImageURL],[Styles]) VALUES(86,9,NULL,'Alfabetización Informática','Foro para Alfabetización Informática',1,NULL,NULL,NULL,NULL,NULL,0,0,NULL,0,NULL,NULL,NULL,NULL,'')
INSERT INTO [yaf_Forum]([ForumID],[CategoryID],[ParentID],[Name],[Description],[SortOrder],[LastPosted],[LastTopicID],[LastMessageID],[LastUserID],[LastUserName],[NumTopics],[NumPosts],[RemoteURL],[Flags],[ThemeURL],[PollGroupID],[UserID],[ImageURL],[Styles]) VALUES(87,9,NULL,'[General]','Foro con informaciòn General del Curso',2,NULL,NULL,NULL,NULL,NULL,0,0,NULL,6,NULL,NULL,NULL,NULL,'')
INSERT INTO [yaf_Forum]([ForumID],[CategoryID],[ParentID],[Name],[Description],[SortOrder],[LastPosted],[LastTopicID],[LastMessageID],[LastUserID],[LastUserName],[NumTopics],[NumPosts],[RemoteURL],[Flags],[ThemeURL],[PollGroupID],[UserID],[ImageURL],[Styles]) VALUES(88,9,87,'Inasistencias','Información General',2,NULL,NULL,NULL,NULL,NULL,0,0,NULL,2,NULL,NULL,NULL,'forumImageSample.gif','')
INSERT INTO [yaf_Forum]([ForumID],[CategoryID],[ParentID],[Name],[Description],[SortOrder],[LastPosted],[LastTopicID],[LastMessageID],[LastUserID],[LastUserName],[NumTopics],[NumPosts],[RemoteURL],[Flags],[ThemeURL],[PollGroupID],[UserID],[ImageURL],[Styles]) VALUES(89,10,NULL,'Matemática','Foro dedicado a la asignatura Matemática',1,NULL,NULL,NULL,NULL,NULL,0,0,NULL,6,NULL,NULL,NULL,NULL,'')
INSERT INTO [yaf_Forum]([ForumID],[CategoryID],[ParentID],[Name],[Description],[SortOrder],[LastPosted],[LastTopicID],[LastMessageID],[LastUserID],[LastUserName],[NumTopics],[NumPosts],[RemoteURL],[Flags],[ThemeURL],[PollGroupID],[UserID],[ImageURL],[Styles]) VALUES(90,10,NULL,'Física','Foro para Fisica',1,NULL,NULL,NULL,NULL,NULL,0,0,NULL,0,NULL,NULL,NULL,NULL,'')
INSERT INTO [yaf_Forum]([ForumID],[CategoryID],[ParentID],[Name],[Description],[SortOrder],[LastPosted],[LastTopicID],[LastMessageID],[LastUserID],[LastUserName],[NumTopics],[NumPosts],[RemoteURL],[Flags],[ThemeURL],[PollGroupID],[UserID],[ImageURL],[Styles]) VALUES(91,10,NULL,'Inglés','Foro para Inglés',1,NULL,NULL,NULL,NULL,NULL,0,0,NULL,0,NULL,NULL,NULL,NULL,'')
INSERT INTO [yaf_Forum]([ForumID],[CategoryID],[ParentID],[Name],[Description],[SortOrder],[LastPosted],[LastTopicID],[LastMessageID],[LastUserID],[LastUserName],[NumTopics],[NumPosts],[RemoteURL],[Flags],[ThemeURL],[PollGroupID],[UserID],[ImageURL],[Styles]) VALUES(92,10,NULL,'Formación para la vida y el trabajo','Foro para Formación para la vida y el trabajo',1,NULL,NULL,NULL,NULL,NULL,0,0,NULL,0,NULL,NULL,NULL,NULL,'')
INSERT INTO [yaf_Forum]([ForumID],[CategoryID],[ParentID],[Name],[Description],[SortOrder],[LastPosted],[LastTopicID],[LastMessageID],[LastUserID],[LastUserName],[NumTopics],[NumPosts],[RemoteURL],[Flags],[ThemeURL],[PollGroupID],[UserID],[ImageURL],[Styles]) VALUES(93,10,NULL,'Ciudadanía y Política','Foro para Ciudadanía y Política',1,NULL,NULL,NULL,NULL,NULL,0,0,NULL,0,NULL,NULL,NULL,NULL,'')
INSERT INTO [yaf_Forum]([ForumID],[CategoryID],[ParentID],[Name],[Description],[SortOrder],[LastPosted],[LastTopicID],[LastMessageID],[LastUserID],[LastUserName],[NumTopics],[NumPosts],[RemoteURL],[Flags],[ThemeURL],[PollGroupID],[UserID],[ImageURL],[Styles]) VALUES(94,10,NULL,'Algoritmos, Lenguajes y Técnicas de Programación','Foro para Algoritmos, Lenguajes y Técnicas de Programación',1,NULL,NULL,NULL,NULL,NULL,0,0,NULL,0,NULL,NULL,NULL,NULL,'')
INSERT INTO [yaf_Forum]([ForumID],[CategoryID],[ParentID],[Name],[Description],[SortOrder],[LastPosted],[LastTopicID],[LastMessageID],[LastUserID],[LastUserName],[NumTopics],[NumPosts],[RemoteURL],[Flags],[ThemeURL],[PollGroupID],[UserID],[ImageURL],[Styles]) VALUES(95,10,NULL,'Desarrollo de aplicaciones','Foro para Desarrollo de aplicaciones',1,NULL,NULL,NULL,NULL,NULL,0,0,NULL,0,NULL,NULL,NULL,NULL,'')
INSERT INTO [yaf_Forum]([ForumID],[CategoryID],[ParentID],[Name],[Description],[SortOrder],[LastPosted],[LastTopicID],[LastMessageID],[LastUserID],[LastUserName],[NumTopics],[NumPosts],[RemoteURL],[Flags],[ThemeURL],[PollGroupID],[UserID],[ImageURL],[Styles]) VALUES(96,10,NULL,'Alfabetización Informática','Foro para Alfabetización Informática',1,NULL,NULL,NULL,NULL,NULL,0,0,NULL,0,NULL,NULL,NULL,NULL,'')
INSERT INTO [yaf_Forum]([ForumID],[CategoryID],[ParentID],[Name],[Description],[SortOrder],[LastPosted],[LastTopicID],[LastMessageID],[LastUserID],[LastUserName],[NumTopics],[NumPosts],[RemoteURL],[Flags],[ThemeURL],[PollGroupID],[UserID],[ImageURL],[Styles]) VALUES(97,10,NULL,'[General]','Foro con informaciòn General del Curso',2,NULL,NULL,NULL,NULL,NULL,0,0,NULL,6,NULL,NULL,NULL,NULL,'')
INSERT INTO [yaf_Forum]([ForumID],[CategoryID],[ParentID],[Name],[Description],[SortOrder],[LastPosted],[LastTopicID],[LastMessageID],[LastUserID],[LastUserName],[NumTopics],[NumPosts],[RemoteURL],[Flags],[ThemeURL],[PollGroupID],[UserID],[ImageURL],[Styles]) VALUES(98,10,97,'Inasistencias','Información General',2,NULL,NULL,NULL,NULL,NULL,0,0,NULL,2,NULL,NULL,NULL,'forumImageSample.gif','')
INSERT INTO [yaf_Forum]([ForumID],[CategoryID],[ParentID],[Name],[Description],[SortOrder],[LastPosted],[LastTopicID],[LastMessageID],[LastUserID],[LastUserName],[NumTopics],[NumPosts],[RemoteURL],[Flags],[ThemeURL],[PollGroupID],[UserID],[ImageURL],[Styles]) VALUES(99,11,NULL,'Matemática','Foro dedicado a la asignatura Matemática',1,NULL,NULL,NULL,NULL,NULL,0,0,NULL,6,NULL,NULL,NULL,NULL,'')
INSERT INTO [yaf_Forum]([ForumID],[CategoryID],[ParentID],[Name],[Description],[SortOrder],[LastPosted],[LastTopicID],[LastMessageID],[LastUserID],[LastUserName],[NumTopics],[NumPosts],[RemoteURL],[Flags],[ThemeURL],[PollGroupID],[UserID],[ImageURL],[Styles]) VALUES(100,11,NULL,'Física','Foro para Fisica',1,NULL,NULL,NULL,NULL,NULL,0,0,NULL,0,NULL,NULL,NULL,NULL,'')
INSERT INTO [yaf_Forum]([ForumID],[CategoryID],[ParentID],[Name],[Description],[SortOrder],[LastPosted],[LastTopicID],[LastMessageID],[LastUserID],[LastUserName],[NumTopics],[NumPosts],[RemoteURL],[Flags],[ThemeURL],[PollGroupID],[UserID],[ImageURL],[Styles]) VALUES(101,11,NULL,'Inglés','Foro para Inglés',1,NULL,NULL,NULL,NULL,NULL,0,0,NULL,0,NULL,NULL,NULL,NULL,'')
INSERT INTO [yaf_Forum]([ForumID],[CategoryID],[ParentID],[Name],[Description],[SortOrder],[LastPosted],[LastTopicID],[LastMessageID],[LastUserID],[LastUserName],[NumTopics],[NumPosts],[RemoteURL],[Flags],[ThemeURL],[PollGroupID],[UserID],[ImageURL],[Styles]) VALUES(102,11,NULL,'Formación para la vida y el trabajo','Foro para Formación para la vida y el trabajo',1,NULL,NULL,NULL,NULL,NULL,0,0,NULL,0,NULL,NULL,NULL,NULL,'')
INSERT INTO [yaf_Forum]([ForumID],[CategoryID],[ParentID],[Name],[Description],[SortOrder],[LastPosted],[LastTopicID],[LastMessageID],[LastUserID],[LastUserName],[NumTopics],[NumPosts],[RemoteURL],[Flags],[ThemeURL],[PollGroupID],[UserID],[ImageURL],[Styles]) VALUES(103,11,NULL,'Ciudadanía y Política','Foro para Ciudadanía y Política',1,NULL,NULL,NULL,NULL,NULL,0,0,NULL,0,NULL,NULL,NULL,NULL,'')
INSERT INTO [yaf_Forum]([ForumID],[CategoryID],[ParentID],[Name],[Description],[SortOrder],[LastPosted],[LastTopicID],[LastMessageID],[LastUserID],[LastUserName],[NumTopics],[NumPosts],[RemoteURL],[Flags],[ThemeURL],[PollGroupID],[UserID],[ImageURL],[Styles]) VALUES(104,11,NULL,'Procesamiento digital de Imágenes','Foro para Procesamiento digital de Imágenes',1,NULL,NULL,NULL,NULL,NULL,0,0,NULL,0,NULL,NULL,NULL,NULL,'')
INSERT INTO [yaf_Forum]([ForumID],[CategoryID],[ParentID],[Name],[Description],[SortOrder],[LastPosted],[LastTopicID],[LastMessageID],[LastUserID],[LastUserName],[NumTopics],[NumPosts],[RemoteURL],[Flags],[ThemeURL],[PollGroupID],[UserID],[ImageURL],[Styles]) VALUES(105,11,NULL,'Algoritmos, Lenguajes y Técnicas de Programación','Foro para Algoritmos, Lenguajes y Técnicas de Programación',1,NULL,NULL,NULL,NULL,NULL,0,0,NULL,0,NULL,NULL,NULL,NULL,'')
INSERT INTO [yaf_Forum]([ForumID],[CategoryID],[ParentID],[Name],[Description],[SortOrder],[LastPosted],[LastTopicID],[LastMessageID],[LastUserID],[LastUserName],[NumTopics],[NumPosts],[RemoteURL],[Flags],[ThemeURL],[PollGroupID],[UserID],[ImageURL],[Styles]) VALUES(106,11,NULL,'Desarrollo de aplicaciones','Foro para Desarrollo de aplicaciones',1,NULL,NULL,NULL,NULL,NULL,0,0,NULL,0,NULL,NULL,NULL,NULL,'')
INSERT INTO [yaf_Forum]([ForumID],[CategoryID],[ParentID],[Name],[Description],[SortOrder],[LastPosted],[LastTopicID],[LastMessageID],[LastUserID],[LastUserName],[NumTopics],[NumPosts],[RemoteURL],[Flags],[ThemeURL],[PollGroupID],[UserID],[ImageURL],[Styles]) VALUES(107,11,NULL,'[General]','Foro con informaciòn General del Curso',2,NULL,NULL,NULL,NULL,NULL,0,0,NULL,6,NULL,NULL,NULL,NULL,'')
INSERT INTO [yaf_Forum]([ForumID],[CategoryID],[ParentID],[Name],[Description],[SortOrder],[LastPosted],[LastTopicID],[LastMessageID],[LastUserID],[LastUserName],[NumTopics],[NumPosts],[RemoteURL],[Flags],[ThemeURL],[PollGroupID],[UserID],[ImageURL],[Styles]) VALUES(108,11,107,'Inasistencias','Información General',2,NULL,NULL,NULL,NULL,NULL,0,0,NULL,2,NULL,NULL,NULL,'forumImageSample.gif','')
INSERT INTO [yaf_Forum]([ForumID],[CategoryID],[ParentID],[Name],[Description],[SortOrder],[LastPosted],[LastTopicID],[LastMessageID],[LastUserID],[LastUserName],[NumTopics],[NumPosts],[RemoteURL],[Flags],[ThemeURL],[PollGroupID],[UserID],[ImageURL],[Styles]) VALUES(109,12,NULL,'Matemática','Foro dedicado a la asignatura Matemática',1,NULL,NULL,NULL,NULL,NULL,0,0,NULL,6,NULL,NULL,NULL,NULL,'')
INSERT INTO [yaf_Forum]([ForumID],[CategoryID],[ParentID],[Name],[Description],[SortOrder],[LastPosted],[LastTopicID],[LastMessageID],[LastUserID],[LastUserName],[NumTopics],[NumPosts],[RemoteURL],[Flags],[ThemeURL],[PollGroupID],[UserID],[ImageURL],[Styles]) VALUES(110,12,NULL,'Física','Foro para Fisica',1,NULL,NULL,NULL,NULL,NULL,0,0,NULL,0,NULL,NULL,NULL,NULL,'')
INSERT INTO [yaf_Forum]([ForumID],[CategoryID],[ParentID],[Name],[Description],[SortOrder],[LastPosted],[LastTopicID],[LastMessageID],[LastUserID],[LastUserName],[NumTopics],[NumPosts],[RemoteURL],[Flags],[ThemeURL],[PollGroupID],[UserID],[ImageURL],[Styles]) VALUES(111,12,NULL,'Inglés','Foro para Inglés',1,NULL,NULL,NULL,NULL,NULL,0,0,NULL,0,NULL,NULL,NULL,NULL,'')
INSERT INTO [yaf_Forum]([ForumID],[CategoryID],[ParentID],[Name],[Description],[SortOrder],[LastPosted],[LastTopicID],[LastMessageID],[LastUserID],[LastUserName],[NumTopics],[NumPosts],[RemoteURL],[Flags],[ThemeURL],[PollGroupID],[UserID],[ImageURL],[Styles]) VALUES(112,12,NULL,'Formación para la vida y el trabajo','Foro para Formación para la vida y el trabajo',1,NULL,NULL,NULL,NULL,NULL,0,0,NULL,0,NULL,NULL,NULL,NULL,'')
INSERT INTO [yaf_Forum]([ForumID],[CategoryID],[ParentID],[Name],[Description],[SortOrder],[LastPosted],[LastTopicID],[LastMessageID],[LastUserID],[LastUserName],[NumTopics],[NumPosts],[RemoteURL],[Flags],[ThemeURL],[PollGroupID],[UserID],[ImageURL],[Styles]) VALUES(113,12,NULL,'Ciudadanía y Política','Foro para Ciudadanía y Política',1,NULL,NULL,NULL,NULL,NULL,0,0,NULL,0,NULL,NULL,NULL,NULL,'')
INSERT INTO [yaf_Forum]([ForumID],[CategoryID],[ParentID],[Name],[Description],[SortOrder],[LastPosted],[LastTopicID],[LastMessageID],[LastUserID],[LastUserName],[NumTopics],[NumPosts],[RemoteURL],[Flags],[ThemeURL],[PollGroupID],[UserID],[ImageURL],[Styles]) VALUES(114,12,NULL,'Procesamiento digital de Imágenes','Foro para Procesamiento digital de Imágenes',1,NULL,NULL,NULL,NULL,NULL,0,0,NULL,0,NULL,NULL,NULL,NULL,'')
INSERT INTO [yaf_Forum]([ForumID],[CategoryID],[ParentID],[Name],[Description],[SortOrder],[LastPosted],[LastTopicID],[LastMessageID],[LastUserID],[LastUserName],[NumTopics],[NumPosts],[RemoteURL],[Flags],[ThemeURL],[PollGroupID],[UserID],[ImageURL],[Styles]) VALUES(115,12,NULL,'Algoritmos, Lenguajes y Técnicas de Programación','Foro para Algoritmos, Lenguajes y Técnicas de Programación',1,NULL,NULL,NULL,NULL,NULL,0,0,NULL,0,NULL,NULL,NULL,NULL,'')
INSERT INTO [yaf_Forum]([ForumID],[CategoryID],[ParentID],[Name],[Description],[SortOrder],[LastPosted],[LastTopicID],[LastMessageID],[LastUserID],[LastUserName],[NumTopics],[NumPosts],[RemoteURL],[Flags],[ThemeURL],[PollGroupID],[UserID],[ImageURL],[Styles]) VALUES(116,12,NULL,'Desarrollo de aplicaciones','Foro para Desarrollo de aplicaciones',1,NULL,NULL,NULL,NULL,NULL,0,0,NULL,0,NULL,NULL,NULL,NULL,'')
INSERT INTO [yaf_Forum]([ForumID],[CategoryID],[ParentID],[Name],[Description],[SortOrder],[LastPosted],[LastTopicID],[LastMessageID],[LastUserID],[LastUserName],[NumTopics],[NumPosts],[RemoteURL],[Flags],[ThemeURL],[PollGroupID],[UserID],[ImageURL],[Styles]) VALUES(117,12,NULL,'[General]','Foro con informaciòn General del Curso',2,NULL,NULL,NULL,NULL,NULL,0,0,NULL,6,NULL,NULL,NULL,NULL,'')
INSERT INTO [yaf_Forum]([ForumID],[CategoryID],[ParentID],[Name],[Description],[SortOrder],[LastPosted],[LastTopicID],[LastMessageID],[LastUserID],[LastUserName],[NumTopics],[NumPosts],[RemoteURL],[Flags],[ThemeURL],[PollGroupID],[UserID],[ImageURL],[Styles]) VALUES(118,12,117,'Inasistencias','Información General',2,NULL,NULL,NULL,NULL,NULL,0,0,NULL,2,NULL,NULL,NULL,'forumImageSample.gif','')

SET IDENTITY_INSERT [EDUAR_aspnet_services].[dbo].[yaf_Forum] OFF

USE [EDUAR_aspnet_services]

INSERT INTO [yaf_ForumAccess]([GroupID],[ForumID],[AccessMaskID]) VALUES (2,1,5)
INSERT INTO [yaf_ForumAccess]([GroupID],[ForumID],[AccessMaskID]) VALUES (2,2,5)
INSERT INTO [yaf_ForumAccess]([GroupID],[ForumID],[AccessMaskID]) VALUES (2,3,5)
INSERT INTO [yaf_ForumAccess]([GroupID],[ForumID],[AccessMaskID]) VALUES (2,4,5)
INSERT INTO [yaf_ForumAccess]([GroupID],[ForumID],[AccessMaskID]) VALUES (2,5,5)
INSERT INTO [yaf_ForumAccess]([GroupID],[ForumID],[AccessMaskID]) VALUES (2,6,5)
INSERT INTO [yaf_ForumAccess]([GroupID],[ForumID],[AccessMaskID]) VALUES (2,7,5)
INSERT INTO [yaf_ForumAccess]([GroupID],[ForumID],[AccessMaskID]) VALUES (2,8,5)
INSERT INTO [yaf_ForumAccess]([GroupID],[ForumID],[AccessMaskID]) VALUES (2,9,5)
INSERT INTO [yaf_ForumAccess]([GroupID],[ForumID],[AccessMaskID]) VALUES (2,10,5)
INSERT INTO [yaf_ForumAccess]([GroupID],[ForumID],[AccessMaskID]) VALUES (2,11,5)
INSERT INTO [yaf_ForumAccess]([GroupID],[ForumID],[AccessMaskID]) VALUES (2,12,5)
INSERT INTO [yaf_ForumAccess]([GroupID],[ForumID],[AccessMaskID]) VALUES (2,13,5)
INSERT INTO [yaf_ForumAccess]([GroupID],[ForumID],[AccessMaskID]) VALUES (2,14,5)
INSERT INTO [yaf_ForumAccess]([GroupID],[ForumID],[AccessMaskID]) VALUES (2,15,5)
INSERT INTO [yaf_ForumAccess]([GroupID],[ForumID],[AccessMaskID]) VALUES (2,16,5)
INSERT INTO [yaf_ForumAccess]([GroupID],[ForumID],[AccessMaskID]) VALUES (2,17,5)
INSERT INTO [yaf_ForumAccess]([GroupID],[ForumID],[AccessMaskID]) VALUES (2,18,5)
INSERT INTO [yaf_ForumAccess]([GroupID],[ForumID],[AccessMaskID]) VALUES (2,19,5)
INSERT INTO [yaf_ForumAccess]([GroupID],[ForumID],[AccessMaskID]) VALUES (2,20,5)
INSERT INTO [yaf_ForumAccess]([GroupID],[ForumID],[AccessMaskID]) VALUES (2,21,5)
INSERT INTO [yaf_ForumAccess]([GroupID],[ForumID],[AccessMaskID]) VALUES (2,22,5)
INSERT INTO [yaf_ForumAccess]([GroupID],[ForumID],[AccessMaskID]) VALUES (2,23,5)
INSERT INTO [yaf_ForumAccess]([GroupID],[ForumID],[AccessMaskID]) VALUES (2,24,5)
INSERT INTO [yaf_ForumAccess]([GroupID],[ForumID],[AccessMaskID]) VALUES (2,25,5)
INSERT INTO [yaf_ForumAccess]([GroupID],[ForumID],[AccessMaskID]) VALUES (2,26,5)
INSERT INTO [yaf_ForumAccess]([GroupID],[ForumID],[AccessMaskID]) VALUES (2,27,5)
INSERT INTO [yaf_ForumAccess]([GroupID],[ForumID],[AccessMaskID]) VALUES (2,28,5)
INSERT INTO [yaf_ForumAccess]([GroupID],[ForumID],[AccessMaskID]) VALUES (2,29,5)
INSERT INTO [yaf_ForumAccess]([GroupID],[ForumID],[AccessMaskID]) VALUES (2,30,5)
INSERT INTO [yaf_ForumAccess]([GroupID],[ForumID],[AccessMaskID]) VALUES (2,31,5)
INSERT INTO [yaf_ForumAccess]([GroupID],[ForumID],[AccessMaskID]) VALUES (2,32,5)
INSERT INTO [yaf_ForumAccess]([GroupID],[ForumID],[AccessMaskID]) VALUES (2,33,5)
INSERT INTO [yaf_ForumAccess]([GroupID],[ForumID],[AccessMaskID]) VALUES (2,34,5)
INSERT INTO [yaf_ForumAccess]([GroupID],[ForumID],[AccessMaskID]) VALUES (2,35,5)
INSERT INTO [yaf_ForumAccess]([GroupID],[ForumID],[AccessMaskID]) VALUES (2,36,5)
INSERT INTO [yaf_ForumAccess]([GroupID],[ForumID],[AccessMaskID]) VALUES (2,37,5)
INSERT INTO [yaf_ForumAccess]([GroupID],[ForumID],[AccessMaskID]) VALUES (2,38,5)
INSERT INTO [yaf_ForumAccess]([GroupID],[ForumID],[AccessMaskID]) VALUES (2,39,5)
INSERT INTO [yaf_ForumAccess]([GroupID],[ForumID],[AccessMaskID]) VALUES (2,40,5)
INSERT INTO [yaf_ForumAccess]([GroupID],[ForumID],[AccessMaskID]) VALUES (2,41,5)
INSERT INTO [yaf_ForumAccess]([GroupID],[ForumID],[AccessMaskID]) VALUES (2,42,5)
INSERT INTO [yaf_ForumAccess]([GroupID],[ForumID],[AccessMaskID]) VALUES (2,43,5)
INSERT INTO [yaf_ForumAccess]([GroupID],[ForumID],[AccessMaskID]) VALUES (2,44,5)
INSERT INTO [yaf_ForumAccess]([GroupID],[ForumID],[AccessMaskID]) VALUES (2,45,5)
INSERT INTO [yaf_ForumAccess]([GroupID],[ForumID],[AccessMaskID]) VALUES (2,46,5)
INSERT INTO [yaf_ForumAccess]([GroupID],[ForumID],[AccessMaskID]) VALUES (2,47,5)
INSERT INTO [yaf_ForumAccess]([GroupID],[ForumID],[AccessMaskID]) VALUES (2,48,5)
INSERT INTO [yaf_ForumAccess]([GroupID],[ForumID],[AccessMaskID]) VALUES (2,49,5)
INSERT INTO [yaf_ForumAccess]([GroupID],[ForumID],[AccessMaskID]) VALUES (2,50,5)
INSERT INTO [yaf_ForumAccess]([GroupID],[ForumID],[AccessMaskID]) VALUES (2,51,5)
INSERT INTO [yaf_ForumAccess]([GroupID],[ForumID],[AccessMaskID]) VALUES (2,52,5)
INSERT INTO [yaf_ForumAccess]([GroupID],[ForumID],[AccessMaskID]) VALUES (2,53,5)
INSERT INTO [yaf_ForumAccess]([GroupID],[ForumID],[AccessMaskID]) VALUES (2,54,5)
INSERT INTO [yaf_ForumAccess]([GroupID],[ForumID],[AccessMaskID]) VALUES (2,55,5)
INSERT INTO [yaf_ForumAccess]([GroupID],[ForumID],[AccessMaskID]) VALUES (2,56,5)
INSERT INTO [yaf_ForumAccess]([GroupID],[ForumID],[AccessMaskID]) VALUES (2,57,5)
INSERT INTO [yaf_ForumAccess]([GroupID],[ForumID],[AccessMaskID]) VALUES (2,58,5)
INSERT INTO [yaf_ForumAccess]([GroupID],[ForumID],[AccessMaskID]) VALUES (2,59,5)
INSERT INTO [yaf_ForumAccess]([GroupID],[ForumID],[AccessMaskID]) VALUES (2,60,5)
INSERT INTO [yaf_ForumAccess]([GroupID],[ForumID],[AccessMaskID]) VALUES (2,61,5)
INSERT INTO [yaf_ForumAccess]([GroupID],[ForumID],[AccessMaskID]) VALUES (2,62,5)
INSERT INTO [yaf_ForumAccess]([GroupID],[ForumID],[AccessMaskID]) VALUES (2,63,5)
INSERT INTO [yaf_ForumAccess]([GroupID],[ForumID],[AccessMaskID]) VALUES (2,64,5)
INSERT INTO [yaf_ForumAccess]([GroupID],[ForumID],[AccessMaskID]) VALUES (2,65,5)
INSERT INTO [yaf_ForumAccess]([GroupID],[ForumID],[AccessMaskID]) VALUES (2,66,5)
INSERT INTO [yaf_ForumAccess]([GroupID],[ForumID],[AccessMaskID]) VALUES (2,67,5)
INSERT INTO [yaf_ForumAccess]([GroupID],[ForumID],[AccessMaskID]) VALUES (2,68,5)
INSERT INTO [yaf_ForumAccess]([GroupID],[ForumID],[AccessMaskID]) VALUES (2,69,5)
INSERT INTO [yaf_ForumAccess]([GroupID],[ForumID],[AccessMaskID]) VALUES (2,70,5)
INSERT INTO [yaf_ForumAccess]([GroupID],[ForumID],[AccessMaskID]) VALUES (2,71,5)
INSERT INTO [yaf_ForumAccess]([GroupID],[ForumID],[AccessMaskID]) VALUES (2,72,5)
INSERT INTO [yaf_ForumAccess]([GroupID],[ForumID],[AccessMaskID]) VALUES (2,73,5)
INSERT INTO [yaf_ForumAccess]([GroupID],[ForumID],[AccessMaskID]) VALUES (2,74,5)
INSERT INTO [yaf_ForumAccess]([GroupID],[ForumID],[AccessMaskID]) VALUES (2,75,5)
INSERT INTO [yaf_ForumAccess]([GroupID],[ForumID],[AccessMaskID]) VALUES (2,76,5)
INSERT INTO [yaf_ForumAccess]([GroupID],[ForumID],[AccessMaskID]) VALUES (2,77,5)
INSERT INTO [yaf_ForumAccess]([GroupID],[ForumID],[AccessMaskID]) VALUES (2,78,5)
INSERT INTO [yaf_ForumAccess]([GroupID],[ForumID],[AccessMaskID]) VALUES (2,79,5)
INSERT INTO [yaf_ForumAccess]([GroupID],[ForumID],[AccessMaskID]) VALUES (2,80,5)
INSERT INTO [yaf_ForumAccess]([GroupID],[ForumID],[AccessMaskID]) VALUES (2,81,5)
INSERT INTO [yaf_ForumAccess]([GroupID],[ForumID],[AccessMaskID]) VALUES (2,82,5)
INSERT INTO [yaf_ForumAccess]([GroupID],[ForumID],[AccessMaskID]) VALUES (2,83,5)
INSERT INTO [yaf_ForumAccess]([GroupID],[ForumID],[AccessMaskID]) VALUES (2,84,5)
INSERT INTO [yaf_ForumAccess]([GroupID],[ForumID],[AccessMaskID]) VALUES (2,85,5)
INSERT INTO [yaf_ForumAccess]([GroupID],[ForumID],[AccessMaskID]) VALUES (2,86,5)
INSERT INTO [yaf_ForumAccess]([GroupID],[ForumID],[AccessMaskID]) VALUES (2,87,5)
INSERT INTO [yaf_ForumAccess]([GroupID],[ForumID],[AccessMaskID]) VALUES (2,88,5)
INSERT INTO [yaf_ForumAccess]([GroupID],[ForumID],[AccessMaskID]) VALUES (2,89,5)
INSERT INTO [yaf_ForumAccess]([GroupID],[ForumID],[AccessMaskID]) VALUES (2,90,5)
INSERT INTO [yaf_ForumAccess]([GroupID],[ForumID],[AccessMaskID]) VALUES (2,91,5)
INSERT INTO [yaf_ForumAccess]([GroupID],[ForumID],[AccessMaskID]) VALUES (2,92,5)
INSERT INTO [yaf_ForumAccess]([GroupID],[ForumID],[AccessMaskID]) VALUES (2,93,5)
INSERT INTO [yaf_ForumAccess]([GroupID],[ForumID],[AccessMaskID]) VALUES (2,94,5)
INSERT INTO [yaf_ForumAccess]([GroupID],[ForumID],[AccessMaskID]) VALUES (2,95,5)
INSERT INTO [yaf_ForumAccess]([GroupID],[ForumID],[AccessMaskID]) VALUES (2,96,5)
INSERT INTO [yaf_ForumAccess]([GroupID],[ForumID],[AccessMaskID]) VALUES (2,97,5)
INSERT INTO [yaf_ForumAccess]([GroupID],[ForumID],[AccessMaskID]) VALUES (2,98,5)
INSERT INTO [yaf_ForumAccess]([GroupID],[ForumID],[AccessMaskID]) VALUES (2,99,5)
INSERT INTO [yaf_ForumAccess]([GroupID],[ForumID],[AccessMaskID]) VALUES (2,100,5)
INSERT INTO [yaf_ForumAccess]([GroupID],[ForumID],[AccessMaskID]) VALUES (2,101,5)
INSERT INTO [yaf_ForumAccess]([GroupID],[ForumID],[AccessMaskID]) VALUES (2,102,5)
INSERT INTO [yaf_ForumAccess]([GroupID],[ForumID],[AccessMaskID]) VALUES (2,103,5)
INSERT INTO [yaf_ForumAccess]([GroupID],[ForumID],[AccessMaskID]) VALUES (2,104,5)
INSERT INTO [yaf_ForumAccess]([GroupID],[ForumID],[AccessMaskID]) VALUES (2,105,5)
INSERT INTO [yaf_ForumAccess]([GroupID],[ForumID],[AccessMaskID]) VALUES (2,106,5)
INSERT INTO [yaf_ForumAccess]([GroupID],[ForumID],[AccessMaskID]) VALUES (2,107,5)
INSERT INTO [yaf_ForumAccess]([GroupID],[ForumID],[AccessMaskID]) VALUES (2,108,5)
INSERT INTO [yaf_ForumAccess]([GroupID],[ForumID],[AccessMaskID]) VALUES (2,109,5)
INSERT INTO [yaf_ForumAccess]([GroupID],[ForumID],[AccessMaskID]) VALUES (2,110,5)
INSERT INTO [yaf_ForumAccess]([GroupID],[ForumID],[AccessMaskID]) VALUES (2,111,5)
INSERT INTO [yaf_ForumAccess]([GroupID],[ForumID],[AccessMaskID]) VALUES (2,112,5)
INSERT INTO [yaf_ForumAccess]([GroupID],[ForumID],[AccessMaskID]) VALUES (2,113,5)
INSERT INTO [yaf_ForumAccess]([GroupID],[ForumID],[AccessMaskID]) VALUES (2,114,5)
INSERT INTO [yaf_ForumAccess]([GroupID],[ForumID],[AccessMaskID]) VALUES (2,115,5)
INSERT INTO [yaf_ForumAccess]([GroupID],[ForumID],[AccessMaskID]) VALUES (2,116,5)
INSERT INTO [yaf_ForumAccess]([GroupID],[ForumID],[AccessMaskID]) VALUES (2,117,5)
INSERT INTO [yaf_ForumAccess]([GroupID],[ForumID],[AccessMaskID]) VALUES (2,118,5)
INSERT INTO [yaf_ForumAccess]([GroupID],[ForumID],[AccessMaskID]) VALUES (4,1,1)
INSERT INTO [yaf_ForumAccess]([GroupID],[ForumID],[AccessMaskID]) VALUES (4,2,1)
INSERT INTO [yaf_ForumAccess]([GroupID],[ForumID],[AccessMaskID]) VALUES (4,3,1)
INSERT INTO [yaf_ForumAccess]([GroupID],[ForumID],[AccessMaskID]) VALUES (4,4,1)
INSERT INTO [yaf_ForumAccess]([GroupID],[ForumID],[AccessMaskID]) VALUES (4,5,1)
INSERT INTO [yaf_ForumAccess]([GroupID],[ForumID],[AccessMaskID]) VALUES (4,6,1)
INSERT INTO [yaf_ForumAccess]([GroupID],[ForumID],[AccessMaskID]) VALUES (4,7,1)
INSERT INTO [yaf_ForumAccess]([GroupID],[ForumID],[AccessMaskID]) VALUES (4,8,1)
INSERT INTO [yaf_ForumAccess]([GroupID],[ForumID],[AccessMaskID]) VALUES (4,9,1)
INSERT INTO [yaf_ForumAccess]([GroupID],[ForumID],[AccessMaskID]) VALUES (4,10,1)
INSERT INTO [yaf_ForumAccess]([GroupID],[ForumID],[AccessMaskID]) VALUES (4,11,1)
INSERT INTO [yaf_ForumAccess]([GroupID],[ForumID],[AccessMaskID]) VALUES (4,12,1)
INSERT INTO [yaf_ForumAccess]([GroupID],[ForumID],[AccessMaskID]) VALUES (4,13,1)
INSERT INTO [yaf_ForumAccess]([GroupID],[ForumID],[AccessMaskID]) VALUES (4,14,1)
INSERT INTO [yaf_ForumAccess]([GroupID],[ForumID],[AccessMaskID]) VALUES (4,15,1)
INSERT INTO [yaf_ForumAccess]([GroupID],[ForumID],[AccessMaskID]) VALUES (4,16,1)
INSERT INTO [yaf_ForumAccess]([GroupID],[ForumID],[AccessMaskID]) VALUES (4,17,1)
INSERT INTO [yaf_ForumAccess]([GroupID],[ForumID],[AccessMaskID]) VALUES (4,18,1)
INSERT INTO [yaf_ForumAccess]([GroupID],[ForumID],[AccessMaskID]) VALUES (4,19,1)
INSERT INTO [yaf_ForumAccess]([GroupID],[ForumID],[AccessMaskID]) VALUES (4,20,1)
INSERT INTO [yaf_ForumAccess]([GroupID],[ForumID],[AccessMaskID]) VALUES (4,21,1)
INSERT INTO [yaf_ForumAccess]([GroupID],[ForumID],[AccessMaskID]) VALUES (4,22,1)
INSERT INTO [yaf_ForumAccess]([GroupID],[ForumID],[AccessMaskID]) VALUES (4,23,1)
INSERT INTO [yaf_ForumAccess]([GroupID],[ForumID],[AccessMaskID]) VALUES (4,24,1)
INSERT INTO [yaf_ForumAccess]([GroupID],[ForumID],[AccessMaskID]) VALUES (4,25,1)
INSERT INTO [yaf_ForumAccess]([GroupID],[ForumID],[AccessMaskID]) VALUES (4,26,1)
INSERT INTO [yaf_ForumAccess]([GroupID],[ForumID],[AccessMaskID]) VALUES (4,27,1)
INSERT INTO [yaf_ForumAccess]([GroupID],[ForumID],[AccessMaskID]) VALUES (4,28,1)
INSERT INTO [yaf_ForumAccess]([GroupID],[ForumID],[AccessMaskID]) VALUES (4,29,1)
INSERT INTO [yaf_ForumAccess]([GroupID],[ForumID],[AccessMaskID]) VALUES (4,30,1)
INSERT INTO [yaf_ForumAccess]([GroupID],[ForumID],[AccessMaskID]) VALUES (4,31,1)
INSERT INTO [yaf_ForumAccess]([GroupID],[ForumID],[AccessMaskID]) VALUES (4,32,1)
INSERT INTO [yaf_ForumAccess]([GroupID],[ForumID],[AccessMaskID]) VALUES (4,33,1)
INSERT INTO [yaf_ForumAccess]([GroupID],[ForumID],[AccessMaskID]) VALUES (4,34,1)
INSERT INTO [yaf_ForumAccess]([GroupID],[ForumID],[AccessMaskID]) VALUES (4,35,1)
INSERT INTO [yaf_ForumAccess]([GroupID],[ForumID],[AccessMaskID]) VALUES (4,36,1)
INSERT INTO [yaf_ForumAccess]([GroupID],[ForumID],[AccessMaskID]) VALUES (4,37,1)
INSERT INTO [yaf_ForumAccess]([GroupID],[ForumID],[AccessMaskID]) VALUES (4,38,1)
INSERT INTO [yaf_ForumAccess]([GroupID],[ForumID],[AccessMaskID]) VALUES (4,39,1)
INSERT INTO [yaf_ForumAccess]([GroupID],[ForumID],[AccessMaskID]) VALUES (4,40,1)
INSERT INTO [yaf_ForumAccess]([GroupID],[ForumID],[AccessMaskID]) VALUES (4,41,1)
INSERT INTO [yaf_ForumAccess]([GroupID],[ForumID],[AccessMaskID]) VALUES (4,42,1)
INSERT INTO [yaf_ForumAccess]([GroupID],[ForumID],[AccessMaskID]) VALUES (4,43,1)
INSERT INTO [yaf_ForumAccess]([GroupID],[ForumID],[AccessMaskID]) VALUES (4,44,1)
INSERT INTO [yaf_ForumAccess]([GroupID],[ForumID],[AccessMaskID]) VALUES (4,45,1)
INSERT INTO [yaf_ForumAccess]([GroupID],[ForumID],[AccessMaskID]) VALUES (4,46,1)
INSERT INTO [yaf_ForumAccess]([GroupID],[ForumID],[AccessMaskID]) VALUES (4,47,1)
INSERT INTO [yaf_ForumAccess]([GroupID],[ForumID],[AccessMaskID]) VALUES (4,48,1)
INSERT INTO [yaf_ForumAccess]([GroupID],[ForumID],[AccessMaskID]) VALUES (4,49,1)
INSERT INTO [yaf_ForumAccess]([GroupID],[ForumID],[AccessMaskID]) VALUES (4,50,1)
INSERT INTO [yaf_ForumAccess]([GroupID],[ForumID],[AccessMaskID]) VALUES (4,51,1)
INSERT INTO [yaf_ForumAccess]([GroupID],[ForumID],[AccessMaskID]) VALUES (4,52,1)
INSERT INTO [yaf_ForumAccess]([GroupID],[ForumID],[AccessMaskID]) VALUES (4,53,1)
INSERT INTO [yaf_ForumAccess]([GroupID],[ForumID],[AccessMaskID]) VALUES (4,54,1)
INSERT INTO [yaf_ForumAccess]([GroupID],[ForumID],[AccessMaskID]) VALUES (4,55,1)
INSERT INTO [yaf_ForumAccess]([GroupID],[ForumID],[AccessMaskID]) VALUES (4,56,1)
INSERT INTO [yaf_ForumAccess]([GroupID],[ForumID],[AccessMaskID]) VALUES (4,57,1)
INSERT INTO [yaf_ForumAccess]([GroupID],[ForumID],[AccessMaskID]) VALUES (4,58,1)
INSERT INTO [yaf_ForumAccess]([GroupID],[ForumID],[AccessMaskID]) VALUES (4,59,1)
INSERT INTO [yaf_ForumAccess]([GroupID],[ForumID],[AccessMaskID]) VALUES (4,60,1)
INSERT INTO [yaf_ForumAccess]([GroupID],[ForumID],[AccessMaskID]) VALUES (4,61,1)
INSERT INTO [yaf_ForumAccess]([GroupID],[ForumID],[AccessMaskID]) VALUES (4,62,1)
INSERT INTO [yaf_ForumAccess]([GroupID],[ForumID],[AccessMaskID]) VALUES (4,63,1)
INSERT INTO [yaf_ForumAccess]([GroupID],[ForumID],[AccessMaskID]) VALUES (4,64,1)
INSERT INTO [yaf_ForumAccess]([GroupID],[ForumID],[AccessMaskID]) VALUES (4,65,1)
INSERT INTO [yaf_ForumAccess]([GroupID],[ForumID],[AccessMaskID]) VALUES (4,66,1)
INSERT INTO [yaf_ForumAccess]([GroupID],[ForumID],[AccessMaskID]) VALUES (4,67,1)
INSERT INTO [yaf_ForumAccess]([GroupID],[ForumID],[AccessMaskID]) VALUES (4,68,1)
INSERT INTO [yaf_ForumAccess]([GroupID],[ForumID],[AccessMaskID]) VALUES (4,69,1)
INSERT INTO [yaf_ForumAccess]([GroupID],[ForumID],[AccessMaskID]) VALUES (4,70,1)
INSERT INTO [yaf_ForumAccess]([GroupID],[ForumID],[AccessMaskID]) VALUES (4,71,1)
INSERT INTO [yaf_ForumAccess]([GroupID],[ForumID],[AccessMaskID]) VALUES (4,72,1)
INSERT INTO [yaf_ForumAccess]([GroupID],[ForumID],[AccessMaskID]) VALUES (4,73,1)
INSERT INTO [yaf_ForumAccess]([GroupID],[ForumID],[AccessMaskID]) VALUES (4,74,1)
INSERT INTO [yaf_ForumAccess]([GroupID],[ForumID],[AccessMaskID]) VALUES (4,75,1)
INSERT INTO [yaf_ForumAccess]([GroupID],[ForumID],[AccessMaskID]) VALUES (4,76,1)
INSERT INTO [yaf_ForumAccess]([GroupID],[ForumID],[AccessMaskID]) VALUES (4,77,1)
INSERT INTO [yaf_ForumAccess]([GroupID],[ForumID],[AccessMaskID]) VALUES (4,78,1)
INSERT INTO [yaf_ForumAccess]([GroupID],[ForumID],[AccessMaskID]) VALUES (4,79,1)
INSERT INTO [yaf_ForumAccess]([GroupID],[ForumID],[AccessMaskID]) VALUES (4,80,1)
INSERT INTO [yaf_ForumAccess]([GroupID],[ForumID],[AccessMaskID]) VALUES (4,81,1)
INSERT INTO [yaf_ForumAccess]([GroupID],[ForumID],[AccessMaskID]) VALUES (4,82,1)
INSERT INTO [yaf_ForumAccess]([GroupID],[ForumID],[AccessMaskID]) VALUES (4,83,1)
INSERT INTO [yaf_ForumAccess]([GroupID],[ForumID],[AccessMaskID]) VALUES (4,84,1)
INSERT INTO [yaf_ForumAccess]([GroupID],[ForumID],[AccessMaskID]) VALUES (4,85,1)
INSERT INTO [yaf_ForumAccess]([GroupID],[ForumID],[AccessMaskID]) VALUES (4,86,1)
INSERT INTO [yaf_ForumAccess]([GroupID],[ForumID],[AccessMaskID]) VALUES (4,87,1)
INSERT INTO [yaf_ForumAccess]([GroupID],[ForumID],[AccessMaskID]) VALUES (4,88,1)
INSERT INTO [yaf_ForumAccess]([GroupID],[ForumID],[AccessMaskID]) VALUES (4,89,1)
INSERT INTO [yaf_ForumAccess]([GroupID],[ForumID],[AccessMaskID]) VALUES (4,90,1)
INSERT INTO [yaf_ForumAccess]([GroupID],[ForumID],[AccessMaskID]) VALUES (4,91,1)
INSERT INTO [yaf_ForumAccess]([GroupID],[ForumID],[AccessMaskID]) VALUES (4,92,1)
INSERT INTO [yaf_ForumAccess]([GroupID],[ForumID],[AccessMaskID]) VALUES (4,93,1)
INSERT INTO [yaf_ForumAccess]([GroupID],[ForumID],[AccessMaskID]) VALUES (4,94,1)
INSERT INTO [yaf_ForumAccess]([GroupID],[ForumID],[AccessMaskID]) VALUES (4,95,1)
INSERT INTO [yaf_ForumAccess]([GroupID],[ForumID],[AccessMaskID]) VALUES (4,96,1)
INSERT INTO [yaf_ForumAccess]([GroupID],[ForumID],[AccessMaskID]) VALUES (4,97,1)
INSERT INTO [yaf_ForumAccess]([GroupID],[ForumID],[AccessMaskID]) VALUES (4,98,1)
INSERT INTO [yaf_ForumAccess]([GroupID],[ForumID],[AccessMaskID]) VALUES (4,99,1)
INSERT INTO [yaf_ForumAccess]([GroupID],[ForumID],[AccessMaskID]) VALUES (4,100,1)
INSERT INTO [yaf_ForumAccess]([GroupID],[ForumID],[AccessMaskID]) VALUES (4,101,1)
INSERT INTO [yaf_ForumAccess]([GroupID],[ForumID],[AccessMaskID]) VALUES (4,102,1)
INSERT INTO [yaf_ForumAccess]([GroupID],[ForumID],[AccessMaskID]) VALUES (4,103,1)
INSERT INTO [yaf_ForumAccess]([GroupID],[ForumID],[AccessMaskID]) VALUES (4,104,1)
INSERT INTO [yaf_ForumAccess]([GroupID],[ForumID],[AccessMaskID]) VALUES (4,105,1)
INSERT INTO [yaf_ForumAccess]([GroupID],[ForumID],[AccessMaskID]) VALUES (4,106,1)
INSERT INTO [yaf_ForumAccess]([GroupID],[ForumID],[AccessMaskID]) VALUES (4,107,1)
INSERT INTO [yaf_ForumAccess]([GroupID],[ForumID],[AccessMaskID]) VALUES (4,108,1)
INSERT INTO [yaf_ForumAccess]([GroupID],[ForumID],[AccessMaskID]) VALUES (4,109,1)
INSERT INTO [yaf_ForumAccess]([GroupID],[ForumID],[AccessMaskID]) VALUES (4,110,1)
INSERT INTO [yaf_ForumAccess]([GroupID],[ForumID],[AccessMaskID]) VALUES (4,111,1)
INSERT INTO [yaf_ForumAccess]([GroupID],[ForumID],[AccessMaskID]) VALUES (4,112,1)
INSERT INTO [yaf_ForumAccess]([GroupID],[ForumID],[AccessMaskID]) VALUES (4,113,1)
INSERT INTO [yaf_ForumAccess]([GroupID],[ForumID],[AccessMaskID]) VALUES (4,114,1)
INSERT INTO [yaf_ForumAccess]([GroupID],[ForumID],[AccessMaskID]) VALUES (4,115,1)
INSERT INTO [yaf_ForumAccess]([GroupID],[ForumID],[AccessMaskID]) VALUES (4,116,1)
INSERT INTO [yaf_ForumAccess]([GroupID],[ForumID],[AccessMaskID]) VALUES (4,117,1)
INSERT INTO [yaf_ForumAccess]([GroupID],[ForumID],[AccessMaskID]) VALUES (4,118,1)
INSERT INTO [yaf_ForumAccess]([GroupID],[ForumID],[AccessMaskID]) VALUES (5,1,3)
INSERT INTO [yaf_ForumAccess]([GroupID],[ForumID],[AccessMaskID]) VALUES (5,2,3)
INSERT INTO [yaf_ForumAccess]([GroupID],[ForumID],[AccessMaskID]) VALUES (5,3,3)
INSERT INTO [yaf_ForumAccess]([GroupID],[ForumID],[AccessMaskID]) VALUES (5,4,3)
INSERT INTO [yaf_ForumAccess]([GroupID],[ForumID],[AccessMaskID]) VALUES (5,5,3)
INSERT INTO [yaf_ForumAccess]([GroupID],[ForumID],[AccessMaskID]) VALUES (5,6,3)
INSERT INTO [yaf_ForumAccess]([GroupID],[ForumID],[AccessMaskID]) VALUES (5,7,3)
INSERT INTO [yaf_ForumAccess]([GroupID],[ForumID],[AccessMaskID]) VALUES (5,8,3)
INSERT INTO [yaf_ForumAccess]([GroupID],[ForumID],[AccessMaskID]) VALUES (5,9,3)
INSERT INTO [yaf_ForumAccess]([GroupID],[ForumID],[AccessMaskID]) VALUES (5,10,3)
INSERT INTO [yaf_ForumAccess]([GroupID],[ForumID],[AccessMaskID]) VALUES (5,11,3)
INSERT INTO [yaf_ForumAccess]([GroupID],[ForumID],[AccessMaskID]) VALUES (5,12,3)
INSERT INTO [yaf_ForumAccess]([GroupID],[ForumID],[AccessMaskID]) VALUES (5,13,3)
INSERT INTO [yaf_ForumAccess]([GroupID],[ForumID],[AccessMaskID]) VALUES (5,14,3)
INSERT INTO [yaf_ForumAccess]([GroupID],[ForumID],[AccessMaskID]) VALUES (5,15,3)
INSERT INTO [yaf_ForumAccess]([GroupID],[ForumID],[AccessMaskID]) VALUES (5,16,3)
INSERT INTO [yaf_ForumAccess]([GroupID],[ForumID],[AccessMaskID]) VALUES (5,17,3)
INSERT INTO [yaf_ForumAccess]([GroupID],[ForumID],[AccessMaskID]) VALUES (5,18,3)
INSERT INTO [yaf_ForumAccess]([GroupID],[ForumID],[AccessMaskID]) VALUES (5,19,3)
INSERT INTO [yaf_ForumAccess]([GroupID],[ForumID],[AccessMaskID]) VALUES (5,20,3)
INSERT INTO [yaf_ForumAccess]([GroupID],[ForumID],[AccessMaskID]) VALUES (5,21,3)
INSERT INTO [yaf_ForumAccess]([GroupID],[ForumID],[AccessMaskID]) VALUES (5,22,3)
INSERT INTO [yaf_ForumAccess]([GroupID],[ForumID],[AccessMaskID]) VALUES (5,23,3)
INSERT INTO [yaf_ForumAccess]([GroupID],[ForumID],[AccessMaskID]) VALUES (5,24,3)
INSERT INTO [yaf_ForumAccess]([GroupID],[ForumID],[AccessMaskID]) VALUES (5,25,3)
INSERT INTO [yaf_ForumAccess]([GroupID],[ForumID],[AccessMaskID]) VALUES (5,26,3)
INSERT INTO [yaf_ForumAccess]([GroupID],[ForumID],[AccessMaskID]) VALUES (5,27,3)
INSERT INTO [yaf_ForumAccess]([GroupID],[ForumID],[AccessMaskID]) VALUES (5,28,3)
INSERT INTO [yaf_ForumAccess]([GroupID],[ForumID],[AccessMaskID]) VALUES (5,29,3)
INSERT INTO [yaf_ForumAccess]([GroupID],[ForumID],[AccessMaskID]) VALUES (5,30,3)
INSERT INTO [yaf_ForumAccess]([GroupID],[ForumID],[AccessMaskID]) VALUES (5,31,3)
INSERT INTO [yaf_ForumAccess]([GroupID],[ForumID],[AccessMaskID]) VALUES (5,32,3)
INSERT INTO [yaf_ForumAccess]([GroupID],[ForumID],[AccessMaskID]) VALUES (5,33,3)
INSERT INTO [yaf_ForumAccess]([GroupID],[ForumID],[AccessMaskID]) VALUES (5,34,3)
INSERT INTO [yaf_ForumAccess]([GroupID],[ForumID],[AccessMaskID]) VALUES (5,35,3)
INSERT INTO [yaf_ForumAccess]([GroupID],[ForumID],[AccessMaskID]) VALUES (5,36,3)
INSERT INTO [yaf_ForumAccess]([GroupID],[ForumID],[AccessMaskID]) VALUES (5,37,3)
INSERT INTO [yaf_ForumAccess]([GroupID],[ForumID],[AccessMaskID]) VALUES (5,38,3)
INSERT INTO [yaf_ForumAccess]([GroupID],[ForumID],[AccessMaskID]) VALUES (5,39,3)
INSERT INTO [yaf_ForumAccess]([GroupID],[ForumID],[AccessMaskID]) VALUES (5,40,3)
INSERT INTO [yaf_ForumAccess]([GroupID],[ForumID],[AccessMaskID]) VALUES (5,41,3)
INSERT INTO [yaf_ForumAccess]([GroupID],[ForumID],[AccessMaskID]) VALUES (5,42,3)
INSERT INTO [yaf_ForumAccess]([GroupID],[ForumID],[AccessMaskID]) VALUES (5,43,3)
INSERT INTO [yaf_ForumAccess]([GroupID],[ForumID],[AccessMaskID]) VALUES (5,44,3)
INSERT INTO [yaf_ForumAccess]([GroupID],[ForumID],[AccessMaskID]) VALUES (5,45,3)
INSERT INTO [yaf_ForumAccess]([GroupID],[ForumID],[AccessMaskID]) VALUES (5,46,3)
INSERT INTO [yaf_ForumAccess]([GroupID],[ForumID],[AccessMaskID]) VALUES (5,47,3)
INSERT INTO [yaf_ForumAccess]([GroupID],[ForumID],[AccessMaskID]) VALUES (5,48,3)
INSERT INTO [yaf_ForumAccess]([GroupID],[ForumID],[AccessMaskID]) VALUES (5,49,3)
INSERT INTO [yaf_ForumAccess]([GroupID],[ForumID],[AccessMaskID]) VALUES (5,50,3)
INSERT INTO [yaf_ForumAccess]([GroupID],[ForumID],[AccessMaskID]) VALUES (5,51,3)
INSERT INTO [yaf_ForumAccess]([GroupID],[ForumID],[AccessMaskID]) VALUES (5,52,3)
INSERT INTO [yaf_ForumAccess]([GroupID],[ForumID],[AccessMaskID]) VALUES (5,53,3)
INSERT INTO [yaf_ForumAccess]([GroupID],[ForumID],[AccessMaskID]) VALUES (5,54,3)
INSERT INTO [yaf_ForumAccess]([GroupID],[ForumID],[AccessMaskID]) VALUES (5,55,3)
INSERT INTO [yaf_ForumAccess]([GroupID],[ForumID],[AccessMaskID]) VALUES (5,56,3)
INSERT INTO [yaf_ForumAccess]([GroupID],[ForumID],[AccessMaskID]) VALUES (5,57,3)
INSERT INTO [yaf_ForumAccess]([GroupID],[ForumID],[AccessMaskID]) VALUES (5,58,3)
INSERT INTO [yaf_ForumAccess]([GroupID],[ForumID],[AccessMaskID]) VALUES (5,59,3)
INSERT INTO [yaf_ForumAccess]([GroupID],[ForumID],[AccessMaskID]) VALUES (5,60,3)
INSERT INTO [yaf_ForumAccess]([GroupID],[ForumID],[AccessMaskID]) VALUES (5,61,3)
INSERT INTO [yaf_ForumAccess]([GroupID],[ForumID],[AccessMaskID]) VALUES (5,62,3)
INSERT INTO [yaf_ForumAccess]([GroupID],[ForumID],[AccessMaskID]) VALUES (5,63,3)
INSERT INTO [yaf_ForumAccess]([GroupID],[ForumID],[AccessMaskID]) VALUES (5,64,3)
INSERT INTO [yaf_ForumAccess]([GroupID],[ForumID],[AccessMaskID]) VALUES (5,65,3)
INSERT INTO [yaf_ForumAccess]([GroupID],[ForumID],[AccessMaskID]) VALUES (5,66,3)
INSERT INTO [yaf_ForumAccess]([GroupID],[ForumID],[AccessMaskID]) VALUES (5,67,3)
INSERT INTO [yaf_ForumAccess]([GroupID],[ForumID],[AccessMaskID]) VALUES (5,68,3)
INSERT INTO [yaf_ForumAccess]([GroupID],[ForumID],[AccessMaskID]) VALUES (5,69,3)
INSERT INTO [yaf_ForumAccess]([GroupID],[ForumID],[AccessMaskID]) VALUES (5,70,3)
INSERT INTO [yaf_ForumAccess]([GroupID],[ForumID],[AccessMaskID]) VALUES (5,71,3)
INSERT INTO [yaf_ForumAccess]([GroupID],[ForumID],[AccessMaskID]) VALUES (5,72,3)
INSERT INTO [yaf_ForumAccess]([GroupID],[ForumID],[AccessMaskID]) VALUES (5,73,3)
INSERT INTO [yaf_ForumAccess]([GroupID],[ForumID],[AccessMaskID]) VALUES (5,74,3)
INSERT INTO [yaf_ForumAccess]([GroupID],[ForumID],[AccessMaskID]) VALUES (5,75,3)
INSERT INTO [yaf_ForumAccess]([GroupID],[ForumID],[AccessMaskID]) VALUES (5,76,3)
INSERT INTO [yaf_ForumAccess]([GroupID],[ForumID],[AccessMaskID]) VALUES (5,77,3)
INSERT INTO [yaf_ForumAccess]([GroupID],[ForumID],[AccessMaskID]) VALUES (5,78,3)
INSERT INTO [yaf_ForumAccess]([GroupID],[ForumID],[AccessMaskID]) VALUES (5,79,3)
INSERT INTO [yaf_ForumAccess]([GroupID],[ForumID],[AccessMaskID]) VALUES (5,80,3)
INSERT INTO [yaf_ForumAccess]([GroupID],[ForumID],[AccessMaskID]) VALUES (5,81,3)
INSERT INTO [yaf_ForumAccess]([GroupID],[ForumID],[AccessMaskID]) VALUES (5,82,3)
INSERT INTO [yaf_ForumAccess]([GroupID],[ForumID],[AccessMaskID]) VALUES (5,83,3)
INSERT INTO [yaf_ForumAccess]([GroupID],[ForumID],[AccessMaskID]) VALUES (5,84,3)
INSERT INTO [yaf_ForumAccess]([GroupID],[ForumID],[AccessMaskID]) VALUES (5,85,3)
INSERT INTO [yaf_ForumAccess]([GroupID],[ForumID],[AccessMaskID]) VALUES (5,86,3)
INSERT INTO [yaf_ForumAccess]([GroupID],[ForumID],[AccessMaskID]) VALUES (5,87,3)
INSERT INTO [yaf_ForumAccess]([GroupID],[ForumID],[AccessMaskID]) VALUES (5,88,3)
INSERT INTO [yaf_ForumAccess]([GroupID],[ForumID],[AccessMaskID]) VALUES (5,89,3)
INSERT INTO [yaf_ForumAccess]([GroupID],[ForumID],[AccessMaskID]) VALUES (5,90,3)
INSERT INTO [yaf_ForumAccess]([GroupID],[ForumID],[AccessMaskID]) VALUES (5,91,3)
INSERT INTO [yaf_ForumAccess]([GroupID],[ForumID],[AccessMaskID]) VALUES (5,92,3)
INSERT INTO [yaf_ForumAccess]([GroupID],[ForumID],[AccessMaskID]) VALUES (5,93,3)
INSERT INTO [yaf_ForumAccess]([GroupID],[ForumID],[AccessMaskID]) VALUES (5,94,3)
INSERT INTO [yaf_ForumAccess]([GroupID],[ForumID],[AccessMaskID]) VALUES (5,95,3)
INSERT INTO [yaf_ForumAccess]([GroupID],[ForumID],[AccessMaskID]) VALUES (5,96,3)
INSERT INTO [yaf_ForumAccess]([GroupID],[ForumID],[AccessMaskID]) VALUES (5,97,3)
INSERT INTO [yaf_ForumAccess]([GroupID],[ForumID],[AccessMaskID]) VALUES (5,98,3)
INSERT INTO [yaf_ForumAccess]([GroupID],[ForumID],[AccessMaskID]) VALUES (5,99,3)
INSERT INTO [yaf_ForumAccess]([GroupID],[ForumID],[AccessMaskID]) VALUES (5,100,3)
INSERT INTO [yaf_ForumAccess]([GroupID],[ForumID],[AccessMaskID]) VALUES (5,101,3)
INSERT INTO [yaf_ForumAccess]([GroupID],[ForumID],[AccessMaskID]) VALUES (5,102,3)
INSERT INTO [yaf_ForumAccess]([GroupID],[ForumID],[AccessMaskID]) VALUES (5,103,3)
INSERT INTO [yaf_ForumAccess]([GroupID],[ForumID],[AccessMaskID]) VALUES (5,104,3)
INSERT INTO [yaf_ForumAccess]([GroupID],[ForumID],[AccessMaskID]) VALUES (5,105,3)
INSERT INTO [yaf_ForumAccess]([GroupID],[ForumID],[AccessMaskID]) VALUES (5,106,3)
INSERT INTO [yaf_ForumAccess]([GroupID],[ForumID],[AccessMaskID]) VALUES (5,107,3)
INSERT INTO [yaf_ForumAccess]([GroupID],[ForumID],[AccessMaskID]) VALUES (5,108,3)
INSERT INTO [yaf_ForumAccess]([GroupID],[ForumID],[AccessMaskID]) VALUES (5,109,3)
INSERT INTO [yaf_ForumAccess]([GroupID],[ForumID],[AccessMaskID]) VALUES (5,110,3)
INSERT INTO [yaf_ForumAccess]([GroupID],[ForumID],[AccessMaskID]) VALUES (5,111,3)
INSERT INTO [yaf_ForumAccess]([GroupID],[ForumID],[AccessMaskID]) VALUES (5,112,3)
INSERT INTO [yaf_ForumAccess]([GroupID],[ForumID],[AccessMaskID]) VALUES (5,113,3)
INSERT INTO [yaf_ForumAccess]([GroupID],[ForumID],[AccessMaskID]) VALUES (5,114,3)
INSERT INTO [yaf_ForumAccess]([GroupID],[ForumID],[AccessMaskID]) VALUES (5,115,3)
INSERT INTO [yaf_ForumAccess]([GroupID],[ForumID],[AccessMaskID]) VALUES (5,116,3)
INSERT INTO [yaf_ForumAccess]([GroupID],[ForumID],[AccessMaskID]) VALUES (5,117,3)
INSERT INTO [yaf_ForumAccess]([GroupID],[ForumID],[AccessMaskID]) VALUES (5,118,3)
INSERT INTO [yaf_ForumAccess]([GroupID],[ForumID],[AccessMaskID]) VALUES (6,1,2)
INSERT INTO [yaf_ForumAccess]([GroupID],[ForumID],[AccessMaskID]) VALUES (6,2,2)
INSERT INTO [yaf_ForumAccess]([GroupID],[ForumID],[AccessMaskID]) VALUES (6,3,5)
INSERT INTO [yaf_ForumAccess]([GroupID],[ForumID],[AccessMaskID]) VALUES (6,4,5)
INSERT INTO [yaf_ForumAccess]([GroupID],[ForumID],[AccessMaskID]) VALUES (6,5,2)
INSERT INTO [yaf_ForumAccess]([GroupID],[ForumID],[AccessMaskID]) VALUES (6,6,2)
INSERT INTO [yaf_ForumAccess]([GroupID],[ForumID],[AccessMaskID]) VALUES (6,7,2)
INSERT INTO [yaf_ForumAccess]([GroupID],[ForumID],[AccessMaskID]) VALUES (6,8,2)
INSERT INTO [yaf_ForumAccess]([GroupID],[ForumID],[AccessMaskID]) VALUES (6,9,2)
INSERT INTO [yaf_ForumAccess]([GroupID],[ForumID],[AccessMaskID]) VALUES (6,10,2)
INSERT INTO [yaf_ForumAccess]([GroupID],[ForumID],[AccessMaskID]) VALUES (6,11,2)
INSERT INTO [yaf_ForumAccess]([GroupID],[ForumID],[AccessMaskID]) VALUES (6,12,2)
INSERT INTO [yaf_ForumAccess]([GroupID],[ForumID],[AccessMaskID]) VALUES (6,13,2)
INSERT INTO [yaf_ForumAccess]([GroupID],[ForumID],[AccessMaskID]) VALUES (6,14,2)
INSERT INTO [yaf_ForumAccess]([GroupID],[ForumID],[AccessMaskID]) VALUES (6,15,2)
INSERT INTO [yaf_ForumAccess]([GroupID],[ForumID],[AccessMaskID]) VALUES (6,16,2)
INSERT INTO [yaf_ForumAccess]([GroupID],[ForumID],[AccessMaskID]) VALUES (6,17,5)
INSERT INTO [yaf_ForumAccess]([GroupID],[ForumID],[AccessMaskID]) VALUES (6,18,5)
INSERT INTO [yaf_ForumAccess]([GroupID],[ForumID],[AccessMaskID]) VALUES (6,19,2)
INSERT INTO [yaf_ForumAccess]([GroupID],[ForumID],[AccessMaskID]) VALUES (6,20,2)
INSERT INTO [yaf_ForumAccess]([GroupID],[ForumID],[AccessMaskID]) VALUES (6,21,2)
INSERT INTO [yaf_ForumAccess]([GroupID],[ForumID],[AccessMaskID]) VALUES (6,22,2)
INSERT INTO [yaf_ForumAccess]([GroupID],[ForumID],[AccessMaskID]) VALUES (6,23,2)
INSERT INTO [yaf_ForumAccess]([GroupID],[ForumID],[AccessMaskID]) VALUES (6,24,2)
INSERT INTO [yaf_ForumAccess]([GroupID],[ForumID],[AccessMaskID]) VALUES (6,25,2)
INSERT INTO [yaf_ForumAccess]([GroupID],[ForumID],[AccessMaskID]) VALUES (6,26,5)
INSERT INTO [yaf_ForumAccess]([GroupID],[ForumID],[AccessMaskID]) VALUES (6,27,5)
INSERT INTO [yaf_ForumAccess]([GroupID],[ForumID],[AccessMaskID]) VALUES (6,28,2)
INSERT INTO [yaf_ForumAccess]([GroupID],[ForumID],[AccessMaskID]) VALUES (6,29,2)
INSERT INTO [yaf_ForumAccess]([GroupID],[ForumID],[AccessMaskID]) VALUES (6,30,2)
INSERT INTO [yaf_ForumAccess]([GroupID],[ForumID],[AccessMaskID]) VALUES (6,31,2)
INSERT INTO [yaf_ForumAccess]([GroupID],[ForumID],[AccessMaskID]) VALUES (6,32,2)
INSERT INTO [yaf_ForumAccess]([GroupID],[ForumID],[AccessMaskID]) VALUES (6,33,2)
INSERT INTO [yaf_ForumAccess]([GroupID],[ForumID],[AccessMaskID]) VALUES (6,34,2)
INSERT INTO [yaf_ForumAccess]([GroupID],[ForumID],[AccessMaskID]) VALUES (6,35,2)
INSERT INTO [yaf_ForumAccess]([GroupID],[ForumID],[AccessMaskID]) VALUES (6,36,2)
INSERT INTO [yaf_ForumAccess]([GroupID],[ForumID],[AccessMaskID]) VALUES (6,37,5)
INSERT INTO [yaf_ForumAccess]([GroupID],[ForumID],[AccessMaskID]) VALUES (6,38,5)
INSERT INTO [yaf_ForumAccess]([GroupID],[ForumID],[AccessMaskID]) VALUES (6,39,2)
INSERT INTO [yaf_ForumAccess]([GroupID],[ForumID],[AccessMaskID]) VALUES (6,40,2)
INSERT INTO [yaf_ForumAccess]([GroupID],[ForumID],[AccessMaskID]) VALUES (6,41,2)
INSERT INTO [yaf_ForumAccess]([GroupID],[ForumID],[AccessMaskID]) VALUES (6,42,2)
INSERT INTO [yaf_ForumAccess]([GroupID],[ForumID],[AccessMaskID]) VALUES (6,43,2)
INSERT INTO [yaf_ForumAccess]([GroupID],[ForumID],[AccessMaskID]) VALUES (6,44,2)
INSERT INTO [yaf_ForumAccess]([GroupID],[ForumID],[AccessMaskID]) VALUES (6,45,2)
INSERT INTO [yaf_ForumAccess]([GroupID],[ForumID],[AccessMaskID]) VALUES (6,46,2)
INSERT INTO [yaf_ForumAccess]([GroupID],[ForumID],[AccessMaskID]) VALUES (6,47,5)
INSERT INTO [yaf_ForumAccess]([GroupID],[ForumID],[AccessMaskID]) VALUES (6,48,5)
INSERT INTO [yaf_ForumAccess]([GroupID],[ForumID],[AccessMaskID]) VALUES (6,49,2)
INSERT INTO [yaf_ForumAccess]([GroupID],[ForumID],[AccessMaskID]) VALUES (6,50,2)
INSERT INTO [yaf_ForumAccess]([GroupID],[ForumID],[AccessMaskID]) VALUES (6,51,2)
INSERT INTO [yaf_ForumAccess]([GroupID],[ForumID],[AccessMaskID]) VALUES (6,52,2)
INSERT INTO [yaf_ForumAccess]([GroupID],[ForumID],[AccessMaskID]) VALUES (6,53,2)
INSERT INTO [yaf_ForumAccess]([GroupID],[ForumID],[AccessMaskID]) VALUES (6,54,2)
INSERT INTO [yaf_ForumAccess]([GroupID],[ForumID],[AccessMaskID]) VALUES (6,55,2)
INSERT INTO [yaf_ForumAccess]([GroupID],[ForumID],[AccessMaskID]) VALUES (6,56,2)
INSERT INTO [yaf_ForumAccess]([GroupID],[ForumID],[AccessMaskID]) VALUES (6,57,5)
INSERT INTO [yaf_ForumAccess]([GroupID],[ForumID],[AccessMaskID]) VALUES (6,58,5)
INSERT INTO [yaf_ForumAccess]([GroupID],[ForumID],[AccessMaskID]) VALUES (6,59,2)
INSERT INTO [yaf_ForumAccess]([GroupID],[ForumID],[AccessMaskID]) VALUES (6,60,2)
INSERT INTO [yaf_ForumAccess]([GroupID],[ForumID],[AccessMaskID]) VALUES (6,61,2)
INSERT INTO [yaf_ForumAccess]([GroupID],[ForumID],[AccessMaskID]) VALUES (6,62,2)
INSERT INTO [yaf_ForumAccess]([GroupID],[ForumID],[AccessMaskID]) VALUES (6,63,2)
INSERT INTO [yaf_ForumAccess]([GroupID],[ForumID],[AccessMaskID]) VALUES (6,64,2)
INSERT INTO [yaf_ForumAccess]([GroupID],[ForumID],[AccessMaskID]) VALUES (6,65,2)
INSERT INTO [yaf_ForumAccess]([GroupID],[ForumID],[AccessMaskID]) VALUES (6,66,2)
INSERT INTO [yaf_ForumAccess]([GroupID],[ForumID],[AccessMaskID]) VALUES (6,67,5)
INSERT INTO [yaf_ForumAccess]([GroupID],[ForumID],[AccessMaskID]) VALUES (6,68,5)
INSERT INTO [yaf_ForumAccess]([GroupID],[ForumID],[AccessMaskID]) VALUES (6,69,2)
INSERT INTO [yaf_ForumAccess]([GroupID],[ForumID],[AccessMaskID]) VALUES (6,70,2)
INSERT INTO [yaf_ForumAccess]([GroupID],[ForumID],[AccessMaskID]) VALUES (6,71,2)
INSERT INTO [yaf_ForumAccess]([GroupID],[ForumID],[AccessMaskID]) VALUES (6,72,2)
INSERT INTO [yaf_ForumAccess]([GroupID],[ForumID],[AccessMaskID]) VALUES (6,73,2)
INSERT INTO [yaf_ForumAccess]([GroupID],[ForumID],[AccessMaskID]) VALUES (6,74,2)
INSERT INTO [yaf_ForumAccess]([GroupID],[ForumID],[AccessMaskID]) VALUES (6,75,2)
INSERT INTO [yaf_ForumAccess]([GroupID],[ForumID],[AccessMaskID]) VALUES (6,76,2)
INSERT INTO [yaf_ForumAccess]([GroupID],[ForumID],[AccessMaskID]) VALUES (6,77,5)
INSERT INTO [yaf_ForumAccess]([GroupID],[ForumID],[AccessMaskID]) VALUES (6,78,5)
INSERT INTO [yaf_ForumAccess]([GroupID],[ForumID],[AccessMaskID]) VALUES (6,79,2)
INSERT INTO [yaf_ForumAccess]([GroupID],[ForumID],[AccessMaskID]) VALUES (6,80,2)
INSERT INTO [yaf_ForumAccess]([GroupID],[ForumID],[AccessMaskID]) VALUES (6,81,2)
INSERT INTO [yaf_ForumAccess]([GroupID],[ForumID],[AccessMaskID]) VALUES (6,82,2)
INSERT INTO [yaf_ForumAccess]([GroupID],[ForumID],[AccessMaskID]) VALUES (6,83,2)
INSERT INTO [yaf_ForumAccess]([GroupID],[ForumID],[AccessMaskID]) VALUES (6,84,2)
INSERT INTO [yaf_ForumAccess]([GroupID],[ForumID],[AccessMaskID]) VALUES (6,85,2)
INSERT INTO [yaf_ForumAccess]([GroupID],[ForumID],[AccessMaskID]) VALUES (6,86,2)
INSERT INTO [yaf_ForumAccess]([GroupID],[ForumID],[AccessMaskID]) VALUES (6,87,5)
INSERT INTO [yaf_ForumAccess]([GroupID],[ForumID],[AccessMaskID]) VALUES (6,88,5)
INSERT INTO [yaf_ForumAccess]([GroupID],[ForumID],[AccessMaskID]) VALUES (6,89,2)
INSERT INTO [yaf_ForumAccess]([GroupID],[ForumID],[AccessMaskID]) VALUES (6,90,2)
INSERT INTO [yaf_ForumAccess]([GroupID],[ForumID],[AccessMaskID]) VALUES (6,91,2)
INSERT INTO [yaf_ForumAccess]([GroupID],[ForumID],[AccessMaskID]) VALUES (6,92,2)
INSERT INTO [yaf_ForumAccess]([GroupID],[ForumID],[AccessMaskID]) VALUES (6,93,2)
INSERT INTO [yaf_ForumAccess]([GroupID],[ForumID],[AccessMaskID]) VALUES (6,94,2)
INSERT INTO [yaf_ForumAccess]([GroupID],[ForumID],[AccessMaskID]) VALUES (6,95,2)
INSERT INTO [yaf_ForumAccess]([GroupID],[ForumID],[AccessMaskID]) VALUES (6,96,2)
INSERT INTO [yaf_ForumAccess]([GroupID],[ForumID],[AccessMaskID]) VALUES (6,97,5)
INSERT INTO [yaf_ForumAccess]([GroupID],[ForumID],[AccessMaskID]) VALUES (6,98,5)
INSERT INTO [yaf_ForumAccess]([GroupID],[ForumID],[AccessMaskID]) VALUES (6,99,2)
INSERT INTO [yaf_ForumAccess]([GroupID],[ForumID],[AccessMaskID]) VALUES (6,100,2)
INSERT INTO [yaf_ForumAccess]([GroupID],[ForumID],[AccessMaskID]) VALUES (6,101,2)
INSERT INTO [yaf_ForumAccess]([GroupID],[ForumID],[AccessMaskID]) VALUES (6,102,2)
INSERT INTO [yaf_ForumAccess]([GroupID],[ForumID],[AccessMaskID]) VALUES (6,103,2)
INSERT INTO [yaf_ForumAccess]([GroupID],[ForumID],[AccessMaskID]) VALUES (6,104,2)
INSERT INTO [yaf_ForumAccess]([GroupID],[ForumID],[AccessMaskID]) VALUES (6,105,2)
INSERT INTO [yaf_ForumAccess]([GroupID],[ForumID],[AccessMaskID]) VALUES (6,106,2)
INSERT INTO [yaf_ForumAccess]([GroupID],[ForumID],[AccessMaskID]) VALUES (6,107,5)
INSERT INTO [yaf_ForumAccess]([GroupID],[ForumID],[AccessMaskID]) VALUES (6,108,5)
INSERT INTO [yaf_ForumAccess]([GroupID],[ForumID],[AccessMaskID]) VALUES (6,109,2)
INSERT INTO [yaf_ForumAccess]([GroupID],[ForumID],[AccessMaskID]) VALUES (6,110,2)
INSERT INTO [yaf_ForumAccess]([GroupID],[ForumID],[AccessMaskID]) VALUES (6,111,2)
INSERT INTO [yaf_ForumAccess]([GroupID],[ForumID],[AccessMaskID]) VALUES (6,112,2)
INSERT INTO [yaf_ForumAccess]([GroupID],[ForumID],[AccessMaskID]) VALUES (6,113,2)
INSERT INTO [yaf_ForumAccess]([GroupID],[ForumID],[AccessMaskID]) VALUES (6,114,2)
INSERT INTO [yaf_ForumAccess]([GroupID],[ForumID],[AccessMaskID]) VALUES (6,115,2)
INSERT INTO [yaf_ForumAccess]([GroupID],[ForumID],[AccessMaskID]) VALUES (6,116,2)
INSERT INTO [yaf_ForumAccess]([GroupID],[ForumID],[AccessMaskID]) VALUES (6,117,5)
INSERT INTO [yaf_ForumAccess]([GroupID],[ForumID],[AccessMaskID]) VALUES (6,118,5)
INSERT INTO [yaf_ForumAccess]([GroupID],[ForumID],[AccessMaskID]) VALUES (7,1,5)
INSERT INTO [yaf_ForumAccess]([GroupID],[ForumID],[AccessMaskID]) VALUES (7,2,5)
INSERT INTO [yaf_ForumAccess]([GroupID],[ForumID],[AccessMaskID]) VALUES (7,3,5)
INSERT INTO [yaf_ForumAccess]([GroupID],[ForumID],[AccessMaskID]) VALUES (7,4,4)
INSERT INTO [yaf_ForumAccess]([GroupID],[ForumID],[AccessMaskID]) VALUES (7,5,5)
INSERT INTO [yaf_ForumAccess]([GroupID],[ForumID],[AccessMaskID]) VALUES (7,6,5)
INSERT INTO [yaf_ForumAccess]([GroupID],[ForumID],[AccessMaskID]) VALUES (7,7,5)
INSERT INTO [yaf_ForumAccess]([GroupID],[ForumID],[AccessMaskID]) VALUES (7,8,5)
INSERT INTO [yaf_ForumAccess]([GroupID],[ForumID],[AccessMaskID]) VALUES (7,9,5)
INSERT INTO [yaf_ForumAccess]([GroupID],[ForumID],[AccessMaskID]) VALUES (7,10,5)
INSERT INTO [yaf_ForumAccess]([GroupID],[ForumID],[AccessMaskID]) VALUES (7,11,5)
INSERT INTO [yaf_ForumAccess]([GroupID],[ForumID],[AccessMaskID]) VALUES (7,12,5)
INSERT INTO [yaf_ForumAccess]([GroupID],[ForumID],[AccessMaskID]) VALUES (7,13,5)
INSERT INTO [yaf_ForumAccess]([GroupID],[ForumID],[AccessMaskID]) VALUES (7,14,5)
INSERT INTO [yaf_ForumAccess]([GroupID],[ForumID],[AccessMaskID]) VALUES (7,15,5)
INSERT INTO [yaf_ForumAccess]([GroupID],[ForumID],[AccessMaskID]) VALUES (7,16,5)
INSERT INTO [yaf_ForumAccess]([GroupID],[ForumID],[AccessMaskID]) VALUES (7,17,5)
INSERT INTO [yaf_ForumAccess]([GroupID],[ForumID],[AccessMaskID]) VALUES (7,18,4)
INSERT INTO [yaf_ForumAccess]([GroupID],[ForumID],[AccessMaskID]) VALUES (7,19,5)
INSERT INTO [yaf_ForumAccess]([GroupID],[ForumID],[AccessMaskID]) VALUES (7,20,5)
INSERT INTO [yaf_ForumAccess]([GroupID],[ForumID],[AccessMaskID]) VALUES (7,21,5)
INSERT INTO [yaf_ForumAccess]([GroupID],[ForumID],[AccessMaskID]) VALUES (7,22,5)
INSERT INTO [yaf_ForumAccess]([GroupID],[ForumID],[AccessMaskID]) VALUES (7,23,5)
INSERT INTO [yaf_ForumAccess]([GroupID],[ForumID],[AccessMaskID]) VALUES (7,24,5)
INSERT INTO [yaf_ForumAccess]([GroupID],[ForumID],[AccessMaskID]) VALUES (7,25,5)
INSERT INTO [yaf_ForumAccess]([GroupID],[ForumID],[AccessMaskID]) VALUES (7,26,5)
INSERT INTO [yaf_ForumAccess]([GroupID],[ForumID],[AccessMaskID]) VALUES (7,27,4)
INSERT INTO [yaf_ForumAccess]([GroupID],[ForumID],[AccessMaskID]) VALUES (7,28,5)
INSERT INTO [yaf_ForumAccess]([GroupID],[ForumID],[AccessMaskID]) VALUES (7,29,5)
INSERT INTO [yaf_ForumAccess]([GroupID],[ForumID],[AccessMaskID]) VALUES (7,30,5)
INSERT INTO [yaf_ForumAccess]([GroupID],[ForumID],[AccessMaskID]) VALUES (7,31,5)
INSERT INTO [yaf_ForumAccess]([GroupID],[ForumID],[AccessMaskID]) VALUES (7,32,5)
INSERT INTO [yaf_ForumAccess]([GroupID],[ForumID],[AccessMaskID]) VALUES (7,33,5)
INSERT INTO [yaf_ForumAccess]([GroupID],[ForumID],[AccessMaskID]) VALUES (7,34,5)
INSERT INTO [yaf_ForumAccess]([GroupID],[ForumID],[AccessMaskID]) VALUES (7,35,5)
INSERT INTO [yaf_ForumAccess]([GroupID],[ForumID],[AccessMaskID]) VALUES (7,36,5)
INSERT INTO [yaf_ForumAccess]([GroupID],[ForumID],[AccessMaskID]) VALUES (7,37,5)
INSERT INTO [yaf_ForumAccess]([GroupID],[ForumID],[AccessMaskID]) VALUES (7,38,4)
INSERT INTO [yaf_ForumAccess]([GroupID],[ForumID],[AccessMaskID]) VALUES (7,39,5)
INSERT INTO [yaf_ForumAccess]([GroupID],[ForumID],[AccessMaskID]) VALUES (7,40,5)
INSERT INTO [yaf_ForumAccess]([GroupID],[ForumID],[AccessMaskID]) VALUES (7,41,5)
INSERT INTO [yaf_ForumAccess]([GroupID],[ForumID],[AccessMaskID]) VALUES (7,42,5)
INSERT INTO [yaf_ForumAccess]([GroupID],[ForumID],[AccessMaskID]) VALUES (7,43,5)
INSERT INTO [yaf_ForumAccess]([GroupID],[ForumID],[AccessMaskID]) VALUES (7,44,5)
INSERT INTO [yaf_ForumAccess]([GroupID],[ForumID],[AccessMaskID]) VALUES (7,45,5)
INSERT INTO [yaf_ForumAccess]([GroupID],[ForumID],[AccessMaskID]) VALUES (7,46,5)
INSERT INTO [yaf_ForumAccess]([GroupID],[ForumID],[AccessMaskID]) VALUES (7,47,5)
INSERT INTO [yaf_ForumAccess]([GroupID],[ForumID],[AccessMaskID]) VALUES (7,48,4)
INSERT INTO [yaf_ForumAccess]([GroupID],[ForumID],[AccessMaskID]) VALUES (7,49,5)
INSERT INTO [yaf_ForumAccess]([GroupID],[ForumID],[AccessMaskID]) VALUES (7,50,5)
INSERT INTO [yaf_ForumAccess]([GroupID],[ForumID],[AccessMaskID]) VALUES (7,51,5)
INSERT INTO [yaf_ForumAccess]([GroupID],[ForumID],[AccessMaskID]) VALUES (7,52,5)
INSERT INTO [yaf_ForumAccess]([GroupID],[ForumID],[AccessMaskID]) VALUES (7,53,5)
INSERT INTO [yaf_ForumAccess]([GroupID],[ForumID],[AccessMaskID]) VALUES (7,54,5)
INSERT INTO [yaf_ForumAccess]([GroupID],[ForumID],[AccessMaskID]) VALUES (7,55,5)
INSERT INTO [yaf_ForumAccess]([GroupID],[ForumID],[AccessMaskID]) VALUES (7,56,5)
INSERT INTO [yaf_ForumAccess]([GroupID],[ForumID],[AccessMaskID]) VALUES (7,57,5)
INSERT INTO [yaf_ForumAccess]([GroupID],[ForumID],[AccessMaskID]) VALUES (7,58,4)
INSERT INTO [yaf_ForumAccess]([GroupID],[ForumID],[AccessMaskID]) VALUES (7,59,5)
INSERT INTO [yaf_ForumAccess]([GroupID],[ForumID],[AccessMaskID]) VALUES (7,60,5)
INSERT INTO [yaf_ForumAccess]([GroupID],[ForumID],[AccessMaskID]) VALUES (7,61,5)
INSERT INTO [yaf_ForumAccess]([GroupID],[ForumID],[AccessMaskID]) VALUES (7,62,5)
INSERT INTO [yaf_ForumAccess]([GroupID],[ForumID],[AccessMaskID]) VALUES (7,63,5)
INSERT INTO [yaf_ForumAccess]([GroupID],[ForumID],[AccessMaskID]) VALUES (7,64,5)
INSERT INTO [yaf_ForumAccess]([GroupID],[ForumID],[AccessMaskID]) VALUES (7,65,5)
INSERT INTO [yaf_ForumAccess]([GroupID],[ForumID],[AccessMaskID]) VALUES (7,66,5)
INSERT INTO [yaf_ForumAccess]([GroupID],[ForumID],[AccessMaskID]) VALUES (7,67,5)
INSERT INTO [yaf_ForumAccess]([GroupID],[ForumID],[AccessMaskID]) VALUES (7,68,4)
INSERT INTO [yaf_ForumAccess]([GroupID],[ForumID],[AccessMaskID]) VALUES (7,69,5)
INSERT INTO [yaf_ForumAccess]([GroupID],[ForumID],[AccessMaskID]) VALUES (7,70,5)
INSERT INTO [yaf_ForumAccess]([GroupID],[ForumID],[AccessMaskID]) VALUES (7,71,5)
INSERT INTO [yaf_ForumAccess]([GroupID],[ForumID],[AccessMaskID]) VALUES (7,72,5)
INSERT INTO [yaf_ForumAccess]([GroupID],[ForumID],[AccessMaskID]) VALUES (7,73,5)
INSERT INTO [yaf_ForumAccess]([GroupID],[ForumID],[AccessMaskID]) VALUES (7,74,5)
INSERT INTO [yaf_ForumAccess]([GroupID],[ForumID],[AccessMaskID]) VALUES (7,75,5)
INSERT INTO [yaf_ForumAccess]([GroupID],[ForumID],[AccessMaskID]) VALUES (7,76,5)
INSERT INTO [yaf_ForumAccess]([GroupID],[ForumID],[AccessMaskID]) VALUES (7,77,5)
INSERT INTO [yaf_ForumAccess]([GroupID],[ForumID],[AccessMaskID]) VALUES (7,78,4)
INSERT INTO [yaf_ForumAccess]([GroupID],[ForumID],[AccessMaskID]) VALUES (7,79,5)
INSERT INTO [yaf_ForumAccess]([GroupID],[ForumID],[AccessMaskID]) VALUES (7,80,5)
INSERT INTO [yaf_ForumAccess]([GroupID],[ForumID],[AccessMaskID]) VALUES (7,81,5)
INSERT INTO [yaf_ForumAccess]([GroupID],[ForumID],[AccessMaskID]) VALUES (7,82,5)
INSERT INTO [yaf_ForumAccess]([GroupID],[ForumID],[AccessMaskID]) VALUES (7,83,5)
INSERT INTO [yaf_ForumAccess]([GroupID],[ForumID],[AccessMaskID]) VALUES (7,84,5)
INSERT INTO [yaf_ForumAccess]([GroupID],[ForumID],[AccessMaskID]) VALUES (7,85,5)
INSERT INTO [yaf_ForumAccess]([GroupID],[ForumID],[AccessMaskID]) VALUES (7,86,5)
INSERT INTO [yaf_ForumAccess]([GroupID],[ForumID],[AccessMaskID]) VALUES (7,87,5)
INSERT INTO [yaf_ForumAccess]([GroupID],[ForumID],[AccessMaskID]) VALUES (7,88,4)
INSERT INTO [yaf_ForumAccess]([GroupID],[ForumID],[AccessMaskID]) VALUES (7,89,5)
INSERT INTO [yaf_ForumAccess]([GroupID],[ForumID],[AccessMaskID]) VALUES (7,90,5)
INSERT INTO [yaf_ForumAccess]([GroupID],[ForumID],[AccessMaskID]) VALUES (7,91,5)
INSERT INTO [yaf_ForumAccess]([GroupID],[ForumID],[AccessMaskID]) VALUES (7,92,5)
INSERT INTO [yaf_ForumAccess]([GroupID],[ForumID],[AccessMaskID]) VALUES (7,93,5)
INSERT INTO [yaf_ForumAccess]([GroupID],[ForumID],[AccessMaskID]) VALUES (7,94,5)
INSERT INTO [yaf_ForumAccess]([GroupID],[ForumID],[AccessMaskID]) VALUES (7,95,5)
INSERT INTO [yaf_ForumAccess]([GroupID],[ForumID],[AccessMaskID]) VALUES (7,96,5)
INSERT INTO [yaf_ForumAccess]([GroupID],[ForumID],[AccessMaskID]) VALUES (7,97,5)
INSERT INTO [yaf_ForumAccess]([GroupID],[ForumID],[AccessMaskID]) VALUES (7,98,4)
INSERT INTO [yaf_ForumAccess]([GroupID],[ForumID],[AccessMaskID]) VALUES (7,99,5)
INSERT INTO [yaf_ForumAccess]([GroupID],[ForumID],[AccessMaskID]) VALUES (7,100,5)
INSERT INTO [yaf_ForumAccess]([GroupID],[ForumID],[AccessMaskID]) VALUES (7,101,5)
INSERT INTO [yaf_ForumAccess]([GroupID],[ForumID],[AccessMaskID]) VALUES (7,102,5)
INSERT INTO [yaf_ForumAccess]([GroupID],[ForumID],[AccessMaskID]) VALUES (7,103,5)
INSERT INTO [yaf_ForumAccess]([GroupID],[ForumID],[AccessMaskID]) VALUES (7,104,5)
INSERT INTO [yaf_ForumAccess]([GroupID],[ForumID],[AccessMaskID]) VALUES (7,105,5)
INSERT INTO [yaf_ForumAccess]([GroupID],[ForumID],[AccessMaskID]) VALUES (7,106,5)
INSERT INTO [yaf_ForumAccess]([GroupID],[ForumID],[AccessMaskID]) VALUES (7,107,5)
INSERT INTO [yaf_ForumAccess]([GroupID],[ForumID],[AccessMaskID]) VALUES (7,108,4)
INSERT INTO [yaf_ForumAccess]([GroupID],[ForumID],[AccessMaskID]) VALUES (7,109,5)
INSERT INTO [yaf_ForumAccess]([GroupID],[ForumID],[AccessMaskID]) VALUES (7,110,5)
INSERT INTO [yaf_ForumAccess]([GroupID],[ForumID],[AccessMaskID]) VALUES (7,111,5)
INSERT INTO [yaf_ForumAccess]([GroupID],[ForumID],[AccessMaskID]) VALUES (7,112,5)
INSERT INTO [yaf_ForumAccess]([GroupID],[ForumID],[AccessMaskID]) VALUES (7,113,5)
INSERT INTO [yaf_ForumAccess]([GroupID],[ForumID],[AccessMaskID]) VALUES (7,114,5)
INSERT INTO [yaf_ForumAccess]([GroupID],[ForumID],[AccessMaskID]) VALUES (7,115,5)
INSERT INTO [yaf_ForumAccess]([GroupID],[ForumID],[AccessMaskID]) VALUES (7,116,5)
INSERT INTO [yaf_ForumAccess]([GroupID],[ForumID],[AccessMaskID]) VALUES (7,117,5)
INSERT INTO [yaf_ForumAccess]([GroupID],[ForumID],[AccessMaskID]) VALUES (7,118,4)
INSERT INTO [yaf_ForumAccess]([GroupID],[ForumID],[AccessMaskID]) VALUES (8,1,2)
INSERT INTO [yaf_ForumAccess]([GroupID],[ForumID],[AccessMaskID]) VALUES (8,2,2)
INSERT INTO [yaf_ForumAccess]([GroupID],[ForumID],[AccessMaskID]) VALUES (8,3,2)
INSERT INTO [yaf_ForumAccess]([GroupID],[ForumID],[AccessMaskID]) VALUES (8,4,2)
INSERT INTO [yaf_ForumAccess]([GroupID],[ForumID],[AccessMaskID]) VALUES (8,5,2)
INSERT INTO [yaf_ForumAccess]([GroupID],[ForumID],[AccessMaskID]) VALUES (8,6,2)
INSERT INTO [yaf_ForumAccess]([GroupID],[ForumID],[AccessMaskID]) VALUES (8,7,2)
INSERT INTO [yaf_ForumAccess]([GroupID],[ForumID],[AccessMaskID]) VALUES (8,8,2)
INSERT INTO [yaf_ForumAccess]([GroupID],[ForumID],[AccessMaskID]) VALUES (8,9,2)
INSERT INTO [yaf_ForumAccess]([GroupID],[ForumID],[AccessMaskID]) VALUES (8,10,2)
INSERT INTO [yaf_ForumAccess]([GroupID],[ForumID],[AccessMaskID]) VALUES (8,11,2)
INSERT INTO [yaf_ForumAccess]([GroupID],[ForumID],[AccessMaskID]) VALUES (8,12,2)
INSERT INTO [yaf_ForumAccess]([GroupID],[ForumID],[AccessMaskID]) VALUES (8,13,2)
INSERT INTO [yaf_ForumAccess]([GroupID],[ForumID],[AccessMaskID]) VALUES (8,14,2)
INSERT INTO [yaf_ForumAccess]([GroupID],[ForumID],[AccessMaskID]) VALUES (8,15,2)
INSERT INTO [yaf_ForumAccess]([GroupID],[ForumID],[AccessMaskID]) VALUES (8,16,2)
INSERT INTO [yaf_ForumAccess]([GroupID],[ForumID],[AccessMaskID]) VALUES (8,17,2)
INSERT INTO [yaf_ForumAccess]([GroupID],[ForumID],[AccessMaskID]) VALUES (8,18,2)
INSERT INTO [yaf_ForumAccess]([GroupID],[ForumID],[AccessMaskID]) VALUES (8,19,2)
INSERT INTO [yaf_ForumAccess]([GroupID],[ForumID],[AccessMaskID]) VALUES (8,20,2)
INSERT INTO [yaf_ForumAccess]([GroupID],[ForumID],[AccessMaskID]) VALUES (8,21,2)
INSERT INTO [yaf_ForumAccess]([GroupID],[ForumID],[AccessMaskID]) VALUES (8,22,2)
INSERT INTO [yaf_ForumAccess]([GroupID],[ForumID],[AccessMaskID]) VALUES (8,23,2)
INSERT INTO [yaf_ForumAccess]([GroupID],[ForumID],[AccessMaskID]) VALUES (8,24,2)
INSERT INTO [yaf_ForumAccess]([GroupID],[ForumID],[AccessMaskID]) VALUES (8,25,2)
INSERT INTO [yaf_ForumAccess]([GroupID],[ForumID],[AccessMaskID]) VALUES (8,26,2)
INSERT INTO [yaf_ForumAccess]([GroupID],[ForumID],[AccessMaskID]) VALUES (8,27,2)
INSERT INTO [yaf_ForumAccess]([GroupID],[ForumID],[AccessMaskID]) VALUES (8,28,2)
INSERT INTO [yaf_ForumAccess]([GroupID],[ForumID],[AccessMaskID]) VALUES (8,29,2)
INSERT INTO [yaf_ForumAccess]([GroupID],[ForumID],[AccessMaskID]) VALUES (8,30,2)
INSERT INTO [yaf_ForumAccess]([GroupID],[ForumID],[AccessMaskID]) VALUES (8,31,2)
INSERT INTO [yaf_ForumAccess]([GroupID],[ForumID],[AccessMaskID]) VALUES (8,32,2)
INSERT INTO [yaf_ForumAccess]([GroupID],[ForumID],[AccessMaskID]) VALUES (8,33,2)
INSERT INTO [yaf_ForumAccess]([GroupID],[ForumID],[AccessMaskID]) VALUES (8,34,2)
INSERT INTO [yaf_ForumAccess]([GroupID],[ForumID],[AccessMaskID]) VALUES (8,35,2)
INSERT INTO [yaf_ForumAccess]([GroupID],[ForumID],[AccessMaskID]) VALUES (8,36,2)
INSERT INTO [yaf_ForumAccess]([GroupID],[ForumID],[AccessMaskID]) VALUES (8,37,2)
INSERT INTO [yaf_ForumAccess]([GroupID],[ForumID],[AccessMaskID]) VALUES (8,38,2)
INSERT INTO [yaf_ForumAccess]([GroupID],[ForumID],[AccessMaskID]) VALUES (8,39,2)
INSERT INTO [yaf_ForumAccess]([GroupID],[ForumID],[AccessMaskID]) VALUES (8,40,2)
INSERT INTO [yaf_ForumAccess]([GroupID],[ForumID],[AccessMaskID]) VALUES (8,41,2)
INSERT INTO [yaf_ForumAccess]([GroupID],[ForumID],[AccessMaskID]) VALUES (8,42,2)
INSERT INTO [yaf_ForumAccess]([GroupID],[ForumID],[AccessMaskID]) VALUES (8,43,2)
INSERT INTO [yaf_ForumAccess]([GroupID],[ForumID],[AccessMaskID]) VALUES (8,44,2)
INSERT INTO [yaf_ForumAccess]([GroupID],[ForumID],[AccessMaskID]) VALUES (8,45,2)
INSERT INTO [yaf_ForumAccess]([GroupID],[ForumID],[AccessMaskID]) VALUES (8,46,2)
INSERT INTO [yaf_ForumAccess]([GroupID],[ForumID],[AccessMaskID]) VALUES (8,47,2)
INSERT INTO [yaf_ForumAccess]([GroupID],[ForumID],[AccessMaskID]) VALUES (8,48,2)
INSERT INTO [yaf_ForumAccess]([GroupID],[ForumID],[AccessMaskID]) VALUES (8,49,2)
INSERT INTO [yaf_ForumAccess]([GroupID],[ForumID],[AccessMaskID]) VALUES (8,50,2)
INSERT INTO [yaf_ForumAccess]([GroupID],[ForumID],[AccessMaskID]) VALUES (8,51,2)
INSERT INTO [yaf_ForumAccess]([GroupID],[ForumID],[AccessMaskID]) VALUES (8,52,2)
INSERT INTO [yaf_ForumAccess]([GroupID],[ForumID],[AccessMaskID]) VALUES (8,53,2)
INSERT INTO [yaf_ForumAccess]([GroupID],[ForumID],[AccessMaskID]) VALUES (8,54,2)
INSERT INTO [yaf_ForumAccess]([GroupID],[ForumID],[AccessMaskID]) VALUES (8,55,2)
INSERT INTO [yaf_ForumAccess]([GroupID],[ForumID],[AccessMaskID]) VALUES (8,56,2)
INSERT INTO [yaf_ForumAccess]([GroupID],[ForumID],[AccessMaskID]) VALUES (8,57,2)
INSERT INTO [yaf_ForumAccess]([GroupID],[ForumID],[AccessMaskID]) VALUES (8,58,2)
INSERT INTO [yaf_ForumAccess]([GroupID],[ForumID],[AccessMaskID]) VALUES (8,59,2)
INSERT INTO [yaf_ForumAccess]([GroupID],[ForumID],[AccessMaskID]) VALUES (8,60,2)
INSERT INTO [yaf_ForumAccess]([GroupID],[ForumID],[AccessMaskID]) VALUES (8,61,2)
INSERT INTO [yaf_ForumAccess]([GroupID],[ForumID],[AccessMaskID]) VALUES (8,62,2)
INSERT INTO [yaf_ForumAccess]([GroupID],[ForumID],[AccessMaskID]) VALUES (8,63,2)
INSERT INTO [yaf_ForumAccess]([GroupID],[ForumID],[AccessMaskID]) VALUES (8,64,2)
INSERT INTO [yaf_ForumAccess]([GroupID],[ForumID],[AccessMaskID]) VALUES (8,65,2)
INSERT INTO [yaf_ForumAccess]([GroupID],[ForumID],[AccessMaskID]) VALUES (8,66,2)
INSERT INTO [yaf_ForumAccess]([GroupID],[ForumID],[AccessMaskID]) VALUES (8,67,2)
INSERT INTO [yaf_ForumAccess]([GroupID],[ForumID],[AccessMaskID]) VALUES (8,68,2)
INSERT INTO [yaf_ForumAccess]([GroupID],[ForumID],[AccessMaskID]) VALUES (8,69,2)
INSERT INTO [yaf_ForumAccess]([GroupID],[ForumID],[AccessMaskID]) VALUES (8,70,2)
INSERT INTO [yaf_ForumAccess]([GroupID],[ForumID],[AccessMaskID]) VALUES (8,71,2)
INSERT INTO [yaf_ForumAccess]([GroupID],[ForumID],[AccessMaskID]) VALUES (8,72,2)
INSERT INTO [yaf_ForumAccess]([GroupID],[ForumID],[AccessMaskID]) VALUES (8,73,2)
INSERT INTO [yaf_ForumAccess]([GroupID],[ForumID],[AccessMaskID]) VALUES (8,74,2)
INSERT INTO [yaf_ForumAccess]([GroupID],[ForumID],[AccessMaskID]) VALUES (8,75,2)
INSERT INTO [yaf_ForumAccess]([GroupID],[ForumID],[AccessMaskID]) VALUES (8,76,2)
INSERT INTO [yaf_ForumAccess]([GroupID],[ForumID],[AccessMaskID]) VALUES (8,77,2)
INSERT INTO [yaf_ForumAccess]([GroupID],[ForumID],[AccessMaskID]) VALUES (8,78,2)
INSERT INTO [yaf_ForumAccess]([GroupID],[ForumID],[AccessMaskID]) VALUES (8,79,2)
INSERT INTO [yaf_ForumAccess]([GroupID],[ForumID],[AccessMaskID]) VALUES (8,80,2)
INSERT INTO [yaf_ForumAccess]([GroupID],[ForumID],[AccessMaskID]) VALUES (8,81,2)
INSERT INTO [yaf_ForumAccess]([GroupID],[ForumID],[AccessMaskID]) VALUES (8,82,2)
INSERT INTO [yaf_ForumAccess]([GroupID],[ForumID],[AccessMaskID]) VALUES (8,83,2)
INSERT INTO [yaf_ForumAccess]([GroupID],[ForumID],[AccessMaskID]) VALUES (8,84,2)
INSERT INTO [yaf_ForumAccess]([GroupID],[ForumID],[AccessMaskID]) VALUES (8,85,2)
INSERT INTO [yaf_ForumAccess]([GroupID],[ForumID],[AccessMaskID]) VALUES (8,86,2)
INSERT INTO [yaf_ForumAccess]([GroupID],[ForumID],[AccessMaskID]) VALUES (8,87,2)
INSERT INTO [yaf_ForumAccess]([GroupID],[ForumID],[AccessMaskID]) VALUES (8,88,2)
INSERT INTO [yaf_ForumAccess]([GroupID],[ForumID],[AccessMaskID]) VALUES (8,89,2)
INSERT INTO [yaf_ForumAccess]([GroupID],[ForumID],[AccessMaskID]) VALUES (8,90,2)
INSERT INTO [yaf_ForumAccess]([GroupID],[ForumID],[AccessMaskID]) VALUES (8,91,2)
INSERT INTO [yaf_ForumAccess]([GroupID],[ForumID],[AccessMaskID]) VALUES (8,92,2)
INSERT INTO [yaf_ForumAccess]([GroupID],[ForumID],[AccessMaskID]) VALUES (8,93,2)
INSERT INTO [yaf_ForumAccess]([GroupID],[ForumID],[AccessMaskID]) VALUES (8,94,2)
INSERT INTO [yaf_ForumAccess]([GroupID],[ForumID],[AccessMaskID]) VALUES (8,95,2)
INSERT INTO [yaf_ForumAccess]([GroupID],[ForumID],[AccessMaskID]) VALUES (8,96,2)
INSERT INTO [yaf_ForumAccess]([GroupID],[ForumID],[AccessMaskID]) VALUES (8,97,2)
INSERT INTO [yaf_ForumAccess]([GroupID],[ForumID],[AccessMaskID]) VALUES (8,98,2)
INSERT INTO [yaf_ForumAccess]([GroupID],[ForumID],[AccessMaskID]) VALUES (8,99,2)
INSERT INTO [yaf_ForumAccess]([GroupID],[ForumID],[AccessMaskID]) VALUES (8,100,2)
INSERT INTO [yaf_ForumAccess]([GroupID],[ForumID],[AccessMaskID]) VALUES (8,101,2)
INSERT INTO [yaf_ForumAccess]([GroupID],[ForumID],[AccessMaskID]) VALUES (8,102,2)
INSERT INTO [yaf_ForumAccess]([GroupID],[ForumID],[AccessMaskID]) VALUES (8,103,2)
INSERT INTO [yaf_ForumAccess]([GroupID],[ForumID],[AccessMaskID]) VALUES (8,104,2)
INSERT INTO [yaf_ForumAccess]([GroupID],[ForumID],[AccessMaskID]) VALUES (8,105,2)
INSERT INTO [yaf_ForumAccess]([GroupID],[ForumID],[AccessMaskID]) VALUES (8,106,2)
INSERT INTO [yaf_ForumAccess]([GroupID],[ForumID],[AccessMaskID]) VALUES (8,107,2)
INSERT INTO [yaf_ForumAccess]([GroupID],[ForumID],[AccessMaskID]) VALUES (8,108,2)
INSERT INTO [yaf_ForumAccess]([GroupID],[ForumID],[AccessMaskID]) VALUES (8,109,2)
INSERT INTO [yaf_ForumAccess]([GroupID],[ForumID],[AccessMaskID]) VALUES (8,110,2)
INSERT INTO [yaf_ForumAccess]([GroupID],[ForumID],[AccessMaskID]) VALUES (8,111,2)
INSERT INTO [yaf_ForumAccess]([GroupID],[ForumID],[AccessMaskID]) VALUES (8,112,2)
INSERT INTO [yaf_ForumAccess]([GroupID],[ForumID],[AccessMaskID]) VALUES (8,113,2)
INSERT INTO [yaf_ForumAccess]([GroupID],[ForumID],[AccessMaskID]) VALUES (8,114,2)
INSERT INTO [yaf_ForumAccess]([GroupID],[ForumID],[AccessMaskID]) VALUES (8,115,2)
INSERT INTO [yaf_ForumAccess]([GroupID],[ForumID],[AccessMaskID]) VALUES (8,116,2)
INSERT INTO [yaf_ForumAccess]([GroupID],[ForumID],[AccessMaskID]) VALUES (8,117,2)
INSERT INTO [yaf_ForumAccess]([GroupID],[ForumID],[AccessMaskID]) VALUES (8,118,2)
INSERT INTO [yaf_ForumAccess]([GroupID],[ForumID],[AccessMaskID]) VALUES (9,1,2)
INSERT INTO [yaf_ForumAccess]([GroupID],[ForumID],[AccessMaskID]) VALUES (9,2,2)
INSERT INTO [yaf_ForumAccess]([GroupID],[ForumID],[AccessMaskID]) VALUES (9,3,2)
INSERT INTO [yaf_ForumAccess]([GroupID],[ForumID],[AccessMaskID]) VALUES (9,4,5)
INSERT INTO [yaf_ForumAccess]([GroupID],[ForumID],[AccessMaskID]) VALUES (9,5,2)
INSERT INTO [yaf_ForumAccess]([GroupID],[ForumID],[AccessMaskID]) VALUES (9,6,2)
INSERT INTO [yaf_ForumAccess]([GroupID],[ForumID],[AccessMaskID]) VALUES (9,7,2)
INSERT INTO [yaf_ForumAccess]([GroupID],[ForumID],[AccessMaskID]) VALUES (9,8,2)
INSERT INTO [yaf_ForumAccess]([GroupID],[ForumID],[AccessMaskID]) VALUES (9,9,2)
INSERT INTO [yaf_ForumAccess]([GroupID],[ForumID],[AccessMaskID]) VALUES (9,10,2)
INSERT INTO [yaf_ForumAccess]([GroupID],[ForumID],[AccessMaskID]) VALUES (9,11,2)
INSERT INTO [yaf_ForumAccess]([GroupID],[ForumID],[AccessMaskID]) VALUES (9,12,2)
INSERT INTO [yaf_ForumAccess]([GroupID],[ForumID],[AccessMaskID]) VALUES (9,13,2)
INSERT INTO [yaf_ForumAccess]([GroupID],[ForumID],[AccessMaskID]) VALUES (9,14,2)
INSERT INTO [yaf_ForumAccess]([GroupID],[ForumID],[AccessMaskID]) VALUES (9,15,2)
INSERT INTO [yaf_ForumAccess]([GroupID],[ForumID],[AccessMaskID]) VALUES (9,16,2)
INSERT INTO [yaf_ForumAccess]([GroupID],[ForumID],[AccessMaskID]) VALUES (9,17,2)
INSERT INTO [yaf_ForumAccess]([GroupID],[ForumID],[AccessMaskID]) VALUES (9,18,5)
INSERT INTO [yaf_ForumAccess]([GroupID],[ForumID],[AccessMaskID]) VALUES (9,19,2)
INSERT INTO [yaf_ForumAccess]([GroupID],[ForumID],[AccessMaskID]) VALUES (9,20,2)
INSERT INTO [yaf_ForumAccess]([GroupID],[ForumID],[AccessMaskID]) VALUES (9,21,2)
INSERT INTO [yaf_ForumAccess]([GroupID],[ForumID],[AccessMaskID]) VALUES (9,22,2)
INSERT INTO [yaf_ForumAccess]([GroupID],[ForumID],[AccessMaskID]) VALUES (9,23,2)
INSERT INTO [yaf_ForumAccess]([GroupID],[ForumID],[AccessMaskID]) VALUES (9,24,2)
INSERT INTO [yaf_ForumAccess]([GroupID],[ForumID],[AccessMaskID]) VALUES (9,25,2)
INSERT INTO [yaf_ForumAccess]([GroupID],[ForumID],[AccessMaskID]) VALUES (9,26,2)
INSERT INTO [yaf_ForumAccess]([GroupID],[ForumID],[AccessMaskID]) VALUES (9,27,5)
INSERT INTO [yaf_ForumAccess]([GroupID],[ForumID],[AccessMaskID]) VALUES (9,28,2)
INSERT INTO [yaf_ForumAccess]([GroupID],[ForumID],[AccessMaskID]) VALUES (9,29,2)
INSERT INTO [yaf_ForumAccess]([GroupID],[ForumID],[AccessMaskID]) VALUES (9,30,2)
INSERT INTO [yaf_ForumAccess]([GroupID],[ForumID],[AccessMaskID]) VALUES (9,31,2)
INSERT INTO [yaf_ForumAccess]([GroupID],[ForumID],[AccessMaskID]) VALUES (9,32,2)
INSERT INTO [yaf_ForumAccess]([GroupID],[ForumID],[AccessMaskID]) VALUES (9,33,2)
INSERT INTO [yaf_ForumAccess]([GroupID],[ForumID],[AccessMaskID]) VALUES (9,34,2)
INSERT INTO [yaf_ForumAccess]([GroupID],[ForumID],[AccessMaskID]) VALUES (9,35,2)
INSERT INTO [yaf_ForumAccess]([GroupID],[ForumID],[AccessMaskID]) VALUES (9,36,2)
INSERT INTO [yaf_ForumAccess]([GroupID],[ForumID],[AccessMaskID]) VALUES (9,37,2)
INSERT INTO [yaf_ForumAccess]([GroupID],[ForumID],[AccessMaskID]) VALUES (9,38,5)
INSERT INTO [yaf_ForumAccess]([GroupID],[ForumID],[AccessMaskID]) VALUES (9,39,2)
INSERT INTO [yaf_ForumAccess]([GroupID],[ForumID],[AccessMaskID]) VALUES (9,40,2)
INSERT INTO [yaf_ForumAccess]([GroupID],[ForumID],[AccessMaskID]) VALUES (9,41,2)
INSERT INTO [yaf_ForumAccess]([GroupID],[ForumID],[AccessMaskID]) VALUES (9,42,2)
INSERT INTO [yaf_ForumAccess]([GroupID],[ForumID],[AccessMaskID]) VALUES (9,43,2)
INSERT INTO [yaf_ForumAccess]([GroupID],[ForumID],[AccessMaskID]) VALUES (9,44,2)
INSERT INTO [yaf_ForumAccess]([GroupID],[ForumID],[AccessMaskID]) VALUES (9,45,2)
INSERT INTO [yaf_ForumAccess]([GroupID],[ForumID],[AccessMaskID]) VALUES (9,46,2)
INSERT INTO [yaf_ForumAccess]([GroupID],[ForumID],[AccessMaskID]) VALUES (9,47,2)
INSERT INTO [yaf_ForumAccess]([GroupID],[ForumID],[AccessMaskID]) VALUES (9,48,5)
INSERT INTO [yaf_ForumAccess]([GroupID],[ForumID],[AccessMaskID]) VALUES (9,49,2)
INSERT INTO [yaf_ForumAccess]([GroupID],[ForumID],[AccessMaskID]) VALUES (9,50,2)
INSERT INTO [yaf_ForumAccess]([GroupID],[ForumID],[AccessMaskID]) VALUES (9,51,2)
INSERT INTO [yaf_ForumAccess]([GroupID],[ForumID],[AccessMaskID]) VALUES (9,52,2)
INSERT INTO [yaf_ForumAccess]([GroupID],[ForumID],[AccessMaskID]) VALUES (9,53,2)
INSERT INTO [yaf_ForumAccess]([GroupID],[ForumID],[AccessMaskID]) VALUES (9,54,2)
INSERT INTO [yaf_ForumAccess]([GroupID],[ForumID],[AccessMaskID]) VALUES (9,55,2)
INSERT INTO [yaf_ForumAccess]([GroupID],[ForumID],[AccessMaskID]) VALUES (9,56,2)
INSERT INTO [yaf_ForumAccess]([GroupID],[ForumID],[AccessMaskID]) VALUES (9,57,2)
INSERT INTO [yaf_ForumAccess]([GroupID],[ForumID],[AccessMaskID]) VALUES (9,58,5)
INSERT INTO [yaf_ForumAccess]([GroupID],[ForumID],[AccessMaskID]) VALUES (9,59,2)
INSERT INTO [yaf_ForumAccess]([GroupID],[ForumID],[AccessMaskID]) VALUES (9,60,2)
INSERT INTO [yaf_ForumAccess]([GroupID],[ForumID],[AccessMaskID]) VALUES (9,61,2)
INSERT INTO [yaf_ForumAccess]([GroupID],[ForumID],[AccessMaskID]) VALUES (9,62,2)
INSERT INTO [yaf_ForumAccess]([GroupID],[ForumID],[AccessMaskID]) VALUES (9,63,2)
INSERT INTO [yaf_ForumAccess]([GroupID],[ForumID],[AccessMaskID]) VALUES (9,64,2)
INSERT INTO [yaf_ForumAccess]([GroupID],[ForumID],[AccessMaskID]) VALUES (9,65,2)
INSERT INTO [yaf_ForumAccess]([GroupID],[ForumID],[AccessMaskID]) VALUES (9,66,2)
INSERT INTO [yaf_ForumAccess]([GroupID],[ForumID],[AccessMaskID]) VALUES (9,67,2)
INSERT INTO [yaf_ForumAccess]([GroupID],[ForumID],[AccessMaskID]) VALUES (9,68,5)
INSERT INTO [yaf_ForumAccess]([GroupID],[ForumID],[AccessMaskID]) VALUES (9,69,2)
INSERT INTO [yaf_ForumAccess]([GroupID],[ForumID],[AccessMaskID]) VALUES (9,70,2)
INSERT INTO [yaf_ForumAccess]([GroupID],[ForumID],[AccessMaskID]) VALUES (9,71,2)
INSERT INTO [yaf_ForumAccess]([GroupID],[ForumID],[AccessMaskID]) VALUES (9,72,2)
INSERT INTO [yaf_ForumAccess]([GroupID],[ForumID],[AccessMaskID]) VALUES (9,73,2)
INSERT INTO [yaf_ForumAccess]([GroupID],[ForumID],[AccessMaskID]) VALUES (9,74,2)
INSERT INTO [yaf_ForumAccess]([GroupID],[ForumID],[AccessMaskID]) VALUES (9,75,2)
INSERT INTO [yaf_ForumAccess]([GroupID],[ForumID],[AccessMaskID]) VALUES (9,76,2)
INSERT INTO [yaf_ForumAccess]([GroupID],[ForumID],[AccessMaskID]) VALUES (9,77,2)
INSERT INTO [yaf_ForumAccess]([GroupID],[ForumID],[AccessMaskID]) VALUES (9,78,5)
INSERT INTO [yaf_ForumAccess]([GroupID],[ForumID],[AccessMaskID]) VALUES (9,79,2)
INSERT INTO [yaf_ForumAccess]([GroupID],[ForumID],[AccessMaskID]) VALUES (9,80,2)
INSERT INTO [yaf_ForumAccess]([GroupID],[ForumID],[AccessMaskID]) VALUES (9,81,2)
INSERT INTO [yaf_ForumAccess]([GroupID],[ForumID],[AccessMaskID]) VALUES (9,82,2)
INSERT INTO [yaf_ForumAccess]([GroupID],[ForumID],[AccessMaskID]) VALUES (9,83,2)
INSERT INTO [yaf_ForumAccess]([GroupID],[ForumID],[AccessMaskID]) VALUES (9,84,2)
INSERT INTO [yaf_ForumAccess]([GroupID],[ForumID],[AccessMaskID]) VALUES (9,85,2)
INSERT INTO [yaf_ForumAccess]([GroupID],[ForumID],[AccessMaskID]) VALUES (9,86,2)
INSERT INTO [yaf_ForumAccess]([GroupID],[ForumID],[AccessMaskID]) VALUES (9,87,2)
INSERT INTO [yaf_ForumAccess]([GroupID],[ForumID],[AccessMaskID]) VALUES (9,88,5)
INSERT INTO [yaf_ForumAccess]([GroupID],[ForumID],[AccessMaskID]) VALUES (9,89,2)
INSERT INTO [yaf_ForumAccess]([GroupID],[ForumID],[AccessMaskID]) VALUES (9,90,2)
INSERT INTO [yaf_ForumAccess]([GroupID],[ForumID],[AccessMaskID]) VALUES (9,91,2)
INSERT INTO [yaf_ForumAccess]([GroupID],[ForumID],[AccessMaskID]) VALUES (9,92,2)
INSERT INTO [yaf_ForumAccess]([GroupID],[ForumID],[AccessMaskID]) VALUES (9,93,2)
INSERT INTO [yaf_ForumAccess]([GroupID],[ForumID],[AccessMaskID]) VALUES (9,94,2)
INSERT INTO [yaf_ForumAccess]([GroupID],[ForumID],[AccessMaskID]) VALUES (9,95,2)
INSERT INTO [yaf_ForumAccess]([GroupID],[ForumID],[AccessMaskID]) VALUES (9,96,2)
INSERT INTO [yaf_ForumAccess]([GroupID],[ForumID],[AccessMaskID]) VALUES (9,97,2)
INSERT INTO [yaf_ForumAccess]([GroupID],[ForumID],[AccessMaskID]) VALUES (9,98,5)
INSERT INTO [yaf_ForumAccess]([GroupID],[ForumID],[AccessMaskID]) VALUES (9,99,2)
INSERT INTO [yaf_ForumAccess]([GroupID],[ForumID],[AccessMaskID]) VALUES (9,100,2)
INSERT INTO [yaf_ForumAccess]([GroupID],[ForumID],[AccessMaskID]) VALUES (9,101,2)
INSERT INTO [yaf_ForumAccess]([GroupID],[ForumID],[AccessMaskID]) VALUES (9,102,2)
INSERT INTO [yaf_ForumAccess]([GroupID],[ForumID],[AccessMaskID]) VALUES (9,103,2)
INSERT INTO [yaf_ForumAccess]([GroupID],[ForumID],[AccessMaskID]) VALUES (9,104,2)
INSERT INTO [yaf_ForumAccess]([GroupID],[ForumID],[AccessMaskID]) VALUES (9,105,2)
INSERT INTO [yaf_ForumAccess]([GroupID],[ForumID],[AccessMaskID]) VALUES (9,106,2)
INSERT INTO [yaf_ForumAccess]([GroupID],[ForumID],[AccessMaskID]) VALUES (9,107,2)
INSERT INTO [yaf_ForumAccess]([GroupID],[ForumID],[AccessMaskID]) VALUES (9,108,5)
INSERT INTO [yaf_ForumAccess]([GroupID],[ForumID],[AccessMaskID]) VALUES (9,109,2)
INSERT INTO [yaf_ForumAccess]([GroupID],[ForumID],[AccessMaskID]) VALUES (9,110,2)
INSERT INTO [yaf_ForumAccess]([GroupID],[ForumID],[AccessMaskID]) VALUES (9,111,2)
INSERT INTO [yaf_ForumAccess]([GroupID],[ForumID],[AccessMaskID]) VALUES (9,112,2)
INSERT INTO [yaf_ForumAccess]([GroupID],[ForumID],[AccessMaskID]) VALUES (9,113,2)
INSERT INTO [yaf_ForumAccess]([GroupID],[ForumID],[AccessMaskID]) VALUES (9,114,2)
INSERT INTO [yaf_ForumAccess]([GroupID],[ForumID],[AccessMaskID]) VALUES (9,115,2)
INSERT INTO [yaf_ForumAccess]([GroupID],[ForumID],[AccessMaskID]) VALUES (9,116,2)
INSERT INTO [yaf_ForumAccess]([GroupID],[ForumID],[AccessMaskID]) VALUES (9,117,2)
INSERT INTO [yaf_ForumAccess]([GroupID],[ForumID],[AccessMaskID]) VALUES (9,118,5)
INSERT INTO [yaf_ForumAccess]([GroupID],[ForumID],[AccessMaskID]) VALUES (10,1,2)
INSERT INTO [yaf_ForumAccess]([GroupID],[ForumID],[AccessMaskID]) VALUES (10,2,2)
INSERT INTO [yaf_ForumAccess]([GroupID],[ForumID],[AccessMaskID]) VALUES (10,3,2)
INSERT INTO [yaf_ForumAccess]([GroupID],[ForumID],[AccessMaskID]) VALUES (10,4,2)
INSERT INTO [yaf_ForumAccess]([GroupID],[ForumID],[AccessMaskID]) VALUES (10,5,2)
INSERT INTO [yaf_ForumAccess]([GroupID],[ForumID],[AccessMaskID]) VALUES (10,6,5)
INSERT INTO [yaf_ForumAccess]([GroupID],[ForumID],[AccessMaskID]) VALUES (10,7,2)
INSERT INTO [yaf_ForumAccess]([GroupID],[ForumID],[AccessMaskID]) VALUES (10,8,2)
INSERT INTO [yaf_ForumAccess]([GroupID],[ForumID],[AccessMaskID]) VALUES (10,9,2)
INSERT INTO [yaf_ForumAccess]([GroupID],[ForumID],[AccessMaskID]) VALUES (10,10,2)
INSERT INTO [yaf_ForumAccess]([GroupID],[ForumID],[AccessMaskID]) VALUES (10,11,2)
INSERT INTO [yaf_ForumAccess]([GroupID],[ForumID],[AccessMaskID]) VALUES (10,12,2)
INSERT INTO [yaf_ForumAccess]([GroupID],[ForumID],[AccessMaskID]) VALUES (10,13,2)
INSERT INTO [yaf_ForumAccess]([GroupID],[ForumID],[AccessMaskID]) VALUES (10,14,2)
INSERT INTO [yaf_ForumAccess]([GroupID],[ForumID],[AccessMaskID]) VALUES (10,15,2)
INSERT INTO [yaf_ForumAccess]([GroupID],[ForumID],[AccessMaskID]) VALUES (10,16,2)
INSERT INTO [yaf_ForumAccess]([GroupID],[ForumID],[AccessMaskID]) VALUES (10,17,2)
INSERT INTO [yaf_ForumAccess]([GroupID],[ForumID],[AccessMaskID]) VALUES (10,18,2)
INSERT INTO [yaf_ForumAccess]([GroupID],[ForumID],[AccessMaskID]) VALUES (10,19,2)
INSERT INTO [yaf_ForumAccess]([GroupID],[ForumID],[AccessMaskID]) VALUES (10,20,5)
INSERT INTO [yaf_ForumAccess]([GroupID],[ForumID],[AccessMaskID]) VALUES (10,21,2)
INSERT INTO [yaf_ForumAccess]([GroupID],[ForumID],[AccessMaskID]) VALUES (10,22,2)
INSERT INTO [yaf_ForumAccess]([GroupID],[ForumID],[AccessMaskID]) VALUES (10,23,2)
INSERT INTO [yaf_ForumAccess]([GroupID],[ForumID],[AccessMaskID]) VALUES (10,24,2)
INSERT INTO [yaf_ForumAccess]([GroupID],[ForumID],[AccessMaskID]) VALUES (10,25,2)
INSERT INTO [yaf_ForumAccess]([GroupID],[ForumID],[AccessMaskID]) VALUES (10,26,2)
INSERT INTO [yaf_ForumAccess]([GroupID],[ForumID],[AccessMaskID]) VALUES (10,27,2)
INSERT INTO [yaf_ForumAccess]([GroupID],[ForumID],[AccessMaskID]) VALUES (10,28,2)
INSERT INTO [yaf_ForumAccess]([GroupID],[ForumID],[AccessMaskID]) VALUES (10,29,2)
INSERT INTO [yaf_ForumAccess]([GroupID],[ForumID],[AccessMaskID]) VALUES (10,30,5)
INSERT INTO [yaf_ForumAccess]([GroupID],[ForumID],[AccessMaskID]) VALUES (10,31,2)
INSERT INTO [yaf_ForumAccess]([GroupID],[ForumID],[AccessMaskID]) VALUES (10,32,2)
INSERT INTO [yaf_ForumAccess]([GroupID],[ForumID],[AccessMaskID]) VALUES (10,33,2)
INSERT INTO [yaf_ForumAccess]([GroupID],[ForumID],[AccessMaskID]) VALUES (10,34,2)
INSERT INTO [yaf_ForumAccess]([GroupID],[ForumID],[AccessMaskID]) VALUES (10,35,2)
INSERT INTO [yaf_ForumAccess]([GroupID],[ForumID],[AccessMaskID]) VALUES (10,36,2)
INSERT INTO [yaf_ForumAccess]([GroupID],[ForumID],[AccessMaskID]) VALUES (10,37,2)
INSERT INTO [yaf_ForumAccess]([GroupID],[ForumID],[AccessMaskID]) VALUES (10,38,2)
INSERT INTO [yaf_ForumAccess]([GroupID],[ForumID],[AccessMaskID]) VALUES (10,39,2)
INSERT INTO [yaf_ForumAccess]([GroupID],[ForumID],[AccessMaskID]) VALUES (10,40,5)
INSERT INTO [yaf_ForumAccess]([GroupID],[ForumID],[AccessMaskID]) VALUES (10,41,2)
INSERT INTO [yaf_ForumAccess]([GroupID],[ForumID],[AccessMaskID]) VALUES (10,42,2)
INSERT INTO [yaf_ForumAccess]([GroupID],[ForumID],[AccessMaskID]) VALUES (10,43,2)
INSERT INTO [yaf_ForumAccess]([GroupID],[ForumID],[AccessMaskID]) VALUES (10,44,2)
INSERT INTO [yaf_ForumAccess]([GroupID],[ForumID],[AccessMaskID]) VALUES (10,45,2)
INSERT INTO [yaf_ForumAccess]([GroupID],[ForumID],[AccessMaskID]) VALUES (10,46,2)
INSERT INTO [yaf_ForumAccess]([GroupID],[ForumID],[AccessMaskID]) VALUES (10,47,2)
INSERT INTO [yaf_ForumAccess]([GroupID],[ForumID],[AccessMaskID]) VALUES (10,48,2)
INSERT INTO [yaf_ForumAccess]([GroupID],[ForumID],[AccessMaskID]) VALUES (10,49,2)
INSERT INTO [yaf_ForumAccess]([GroupID],[ForumID],[AccessMaskID]) VALUES (10,50,5)
INSERT INTO [yaf_ForumAccess]([GroupID],[ForumID],[AccessMaskID]) VALUES (10,51,2)
INSERT INTO [yaf_ForumAccess]([GroupID],[ForumID],[AccessMaskID]) VALUES (10,52,2)
INSERT INTO [yaf_ForumAccess]([GroupID],[ForumID],[AccessMaskID]) VALUES (10,53,2)
INSERT INTO [yaf_ForumAccess]([GroupID],[ForumID],[AccessMaskID]) VALUES (10,54,2)
INSERT INTO [yaf_ForumAccess]([GroupID],[ForumID],[AccessMaskID]) VALUES (10,55,2)
INSERT INTO [yaf_ForumAccess]([GroupID],[ForumID],[AccessMaskID]) VALUES (10,56,2)
INSERT INTO [yaf_ForumAccess]([GroupID],[ForumID],[AccessMaskID]) VALUES (10,57,2)
INSERT INTO [yaf_ForumAccess]([GroupID],[ForumID],[AccessMaskID]) VALUES (10,58,2)
INSERT INTO [yaf_ForumAccess]([GroupID],[ForumID],[AccessMaskID]) VALUES (10,59,2)
INSERT INTO [yaf_ForumAccess]([GroupID],[ForumID],[AccessMaskID]) VALUES (10,60,2)
INSERT INTO [yaf_ForumAccess]([GroupID],[ForumID],[AccessMaskID]) VALUES (10,61,2)
INSERT INTO [yaf_ForumAccess]([GroupID],[ForumID],[AccessMaskID]) VALUES (10,62,2)
INSERT INTO [yaf_ForumAccess]([GroupID],[ForumID],[AccessMaskID]) VALUES (10,63,2)
INSERT INTO [yaf_ForumAccess]([GroupID],[ForumID],[AccessMaskID]) VALUES (10,64,2)
INSERT INTO [yaf_ForumAccess]([GroupID],[ForumID],[AccessMaskID]) VALUES (10,65,2)
INSERT INTO [yaf_ForumAccess]([GroupID],[ForumID],[AccessMaskID]) VALUES (10,66,2)
INSERT INTO [yaf_ForumAccess]([GroupID],[ForumID],[AccessMaskID]) VALUES (10,67,2)
INSERT INTO [yaf_ForumAccess]([GroupID],[ForumID],[AccessMaskID]) VALUES (10,68,2)
INSERT INTO [yaf_ForumAccess]([GroupID],[ForumID],[AccessMaskID]) VALUES (10,69,2)
INSERT INTO [yaf_ForumAccess]([GroupID],[ForumID],[AccessMaskID]) VALUES (10,70,2)
INSERT INTO [yaf_ForumAccess]([GroupID],[ForumID],[AccessMaskID]) VALUES (10,71,2)
INSERT INTO [yaf_ForumAccess]([GroupID],[ForumID],[AccessMaskID]) VALUES (10,72,2)
INSERT INTO [yaf_ForumAccess]([GroupID],[ForumID],[AccessMaskID]) VALUES (10,73,2)
INSERT INTO [yaf_ForumAccess]([GroupID],[ForumID],[AccessMaskID]) VALUES (10,74,2)
INSERT INTO [yaf_ForumAccess]([GroupID],[ForumID],[AccessMaskID]) VALUES (10,75,2)
INSERT INTO [yaf_ForumAccess]([GroupID],[ForumID],[AccessMaskID]) VALUES (10,76,2)
INSERT INTO [yaf_ForumAccess]([GroupID],[ForumID],[AccessMaskID]) VALUES (10,77,2)
INSERT INTO [yaf_ForumAccess]([GroupID],[ForumID],[AccessMaskID]) VALUES (10,78,2)
INSERT INTO [yaf_ForumAccess]([GroupID],[ForumID],[AccessMaskID]) VALUES (10,79,2)
INSERT INTO [yaf_ForumAccess]([GroupID],[ForumID],[AccessMaskID]) VALUES (10,80,5)
INSERT INTO [yaf_ForumAccess]([GroupID],[ForumID],[AccessMaskID]) VALUES (10,81,2)
INSERT INTO [yaf_ForumAccess]([GroupID],[ForumID],[AccessMaskID]) VALUES (10,82,2)
INSERT INTO [yaf_ForumAccess]([GroupID],[ForumID],[AccessMaskID]) VALUES (10,83,2)
INSERT INTO [yaf_ForumAccess]([GroupID],[ForumID],[AccessMaskID]) VALUES (10,84,2)
INSERT INTO [yaf_ForumAccess]([GroupID],[ForumID],[AccessMaskID]) VALUES (10,85,2)
INSERT INTO [yaf_ForumAccess]([GroupID],[ForumID],[AccessMaskID]) VALUES (10,86,2)
INSERT INTO [yaf_ForumAccess]([GroupID],[ForumID],[AccessMaskID]) VALUES (10,87,2)
INSERT INTO [yaf_ForumAccess]([GroupID],[ForumID],[AccessMaskID]) VALUES (10,88,2)
INSERT INTO [yaf_ForumAccess]([GroupID],[ForumID],[AccessMaskID]) VALUES (10,89,2)
INSERT INTO [yaf_ForumAccess]([GroupID],[ForumID],[AccessMaskID]) VALUES (10,90,5)
INSERT INTO [yaf_ForumAccess]([GroupID],[ForumID],[AccessMaskID]) VALUES (10,91,2)
INSERT INTO [yaf_ForumAccess]([GroupID],[ForumID],[AccessMaskID]) VALUES (10,92,2)
INSERT INTO [yaf_ForumAccess]([GroupID],[ForumID],[AccessMaskID]) VALUES (10,93,2)
INSERT INTO [yaf_ForumAccess]([GroupID],[ForumID],[AccessMaskID]) VALUES (10,94,2)
INSERT INTO [yaf_ForumAccess]([GroupID],[ForumID],[AccessMaskID]) VALUES (10,95,2)
INSERT INTO [yaf_ForumAccess]([GroupID],[ForumID],[AccessMaskID]) VALUES (10,96,2)
INSERT INTO [yaf_ForumAccess]([GroupID],[ForumID],[AccessMaskID]) VALUES (10,97,2)
INSERT INTO [yaf_ForumAccess]([GroupID],[ForumID],[AccessMaskID]) VALUES (10,98,2)
INSERT INTO [yaf_ForumAccess]([GroupID],[ForumID],[AccessMaskID]) VALUES (10,99,2)
INSERT INTO [yaf_ForumAccess]([GroupID],[ForumID],[AccessMaskID]) VALUES (10,100,5)
INSERT INTO [yaf_ForumAccess]([GroupID],[ForumID],[AccessMaskID]) VALUES (10,101,2)
INSERT INTO [yaf_ForumAccess]([GroupID],[ForumID],[AccessMaskID]) VALUES (10,102,2)
INSERT INTO [yaf_ForumAccess]([GroupID],[ForumID],[AccessMaskID]) VALUES (10,103,2)
INSERT INTO [yaf_ForumAccess]([GroupID],[ForumID],[AccessMaskID]) VALUES (10,104,2)
INSERT INTO [yaf_ForumAccess]([GroupID],[ForumID],[AccessMaskID]) VALUES (10,105,2)
INSERT INTO [yaf_ForumAccess]([GroupID],[ForumID],[AccessMaskID]) VALUES (10,106,2)
INSERT INTO [yaf_ForumAccess]([GroupID],[ForumID],[AccessMaskID]) VALUES (10,107,2)
INSERT INTO [yaf_ForumAccess]([GroupID],[ForumID],[AccessMaskID]) VALUES (10,108,2)
INSERT INTO [yaf_ForumAccess]([GroupID],[ForumID],[AccessMaskID]) VALUES (10,109,2)
INSERT INTO [yaf_ForumAccess]([GroupID],[ForumID],[AccessMaskID]) VALUES (10,110,5)
INSERT INTO [yaf_ForumAccess]([GroupID],[ForumID],[AccessMaskID]) VALUES (10,111,2)
INSERT INTO [yaf_ForumAccess]([GroupID],[ForumID],[AccessMaskID]) VALUES (10,112,2)
INSERT INTO [yaf_ForumAccess]([GroupID],[ForumID],[AccessMaskID]) VALUES (10,113,2)
INSERT INTO [yaf_ForumAccess]([GroupID],[ForumID],[AccessMaskID]) VALUES (10,114,2)
INSERT INTO [yaf_ForumAccess]([GroupID],[ForumID],[AccessMaskID]) VALUES (10,115,2)
INSERT INTO [yaf_ForumAccess]([GroupID],[ForumID],[AccessMaskID]) VALUES (10,116,2)
INSERT INTO [yaf_ForumAccess]([GroupID],[ForumID],[AccessMaskID]) VALUES (10,117,2)
INSERT INTO [yaf_ForumAccess]([GroupID],[ForumID],[AccessMaskID]) VALUES (10,118,2)
INSERT INTO [yaf_ForumAccess]([GroupID],[ForumID],[AccessMaskID]) VALUES (11,1,5)
INSERT INTO [yaf_ForumAccess]([GroupID],[ForumID],[AccessMaskID]) VALUES (11,2,5)
INSERT INTO [yaf_ForumAccess]([GroupID],[ForumID],[AccessMaskID]) VALUES (11,3,5)
INSERT INTO [yaf_ForumAccess]([GroupID],[ForumID],[AccessMaskID]) VALUES (11,4,2)
INSERT INTO [yaf_ForumAccess]([GroupID],[ForumID],[AccessMaskID]) VALUES (11,5,5)
INSERT INTO [yaf_ForumAccess]([GroupID],[ForumID],[AccessMaskID]) VALUES (11,6,5)
INSERT INTO [yaf_ForumAccess]([GroupID],[ForumID],[AccessMaskID]) VALUES (11,7,5)
INSERT INTO [yaf_ForumAccess]([GroupID],[ForumID],[AccessMaskID]) VALUES (11,8,5)
INSERT INTO [yaf_ForumAccess]([GroupID],[ForumID],[AccessMaskID]) VALUES (11,9,5)
INSERT INTO [yaf_ForumAccess]([GroupID],[ForumID],[AccessMaskID]) VALUES (11,10,5)
INSERT INTO [yaf_ForumAccess]([GroupID],[ForumID],[AccessMaskID]) VALUES (11,11,5)
INSERT INTO [yaf_ForumAccess]([GroupID],[ForumID],[AccessMaskID]) VALUES (11,12,5)
INSERT INTO [yaf_ForumAccess]([GroupID],[ForumID],[AccessMaskID]) VALUES (11,13,5)
INSERT INTO [yaf_ForumAccess]([GroupID],[ForumID],[AccessMaskID]) VALUES (11,14,5)
INSERT INTO [yaf_ForumAccess]([GroupID],[ForumID],[AccessMaskID]) VALUES (11,15,5)
INSERT INTO [yaf_ForumAccess]([GroupID],[ForumID],[AccessMaskID]) VALUES (11,16,5)
INSERT INTO [yaf_ForumAccess]([GroupID],[ForumID],[AccessMaskID]) VALUES (11,17,5)
INSERT INTO [yaf_ForumAccess]([GroupID],[ForumID],[AccessMaskID]) VALUES (11,18,2)
INSERT INTO [yaf_ForumAccess]([GroupID],[ForumID],[AccessMaskID]) VALUES (11,19,5)
INSERT INTO [yaf_ForumAccess]([GroupID],[ForumID],[AccessMaskID]) VALUES (11,20,5)
INSERT INTO [yaf_ForumAccess]([GroupID],[ForumID],[AccessMaskID]) VALUES (11,21,5)
INSERT INTO [yaf_ForumAccess]([GroupID],[ForumID],[AccessMaskID]) VALUES (11,22,5)
INSERT INTO [yaf_ForumAccess]([GroupID],[ForumID],[AccessMaskID]) VALUES (11,23,5)
INSERT INTO [yaf_ForumAccess]([GroupID],[ForumID],[AccessMaskID]) VALUES (11,24,5)
INSERT INTO [yaf_ForumAccess]([GroupID],[ForumID],[AccessMaskID]) VALUES (11,25,5)
INSERT INTO [yaf_ForumAccess]([GroupID],[ForumID],[AccessMaskID]) VALUES (11,26,5)
INSERT INTO [yaf_ForumAccess]([GroupID],[ForumID],[AccessMaskID]) VALUES (11,27,2)
INSERT INTO [yaf_ForumAccess]([GroupID],[ForumID],[AccessMaskID]) VALUES (11,28,5)
INSERT INTO [yaf_ForumAccess]([GroupID],[ForumID],[AccessMaskID]) VALUES (11,29,5)
INSERT INTO [yaf_ForumAccess]([GroupID],[ForumID],[AccessMaskID]) VALUES (11,30,5)
INSERT INTO [yaf_ForumAccess]([GroupID],[ForumID],[AccessMaskID]) VALUES (11,31,5)
INSERT INTO [yaf_ForumAccess]([GroupID],[ForumID],[AccessMaskID]) VALUES (11,32,5)
INSERT INTO [yaf_ForumAccess]([GroupID],[ForumID],[AccessMaskID]) VALUES (11,33,5)
INSERT INTO [yaf_ForumAccess]([GroupID],[ForumID],[AccessMaskID]) VALUES (11,34,5)
INSERT INTO [yaf_ForumAccess]([GroupID],[ForumID],[AccessMaskID]) VALUES (11,35,5)
INSERT INTO [yaf_ForumAccess]([GroupID],[ForumID],[AccessMaskID]) VALUES (11,36,5)
INSERT INTO [yaf_ForumAccess]([GroupID],[ForumID],[AccessMaskID]) VALUES (11,37,5)
INSERT INTO [yaf_ForumAccess]([GroupID],[ForumID],[AccessMaskID]) VALUES (11,38,2)
INSERT INTO [yaf_ForumAccess]([GroupID],[ForumID],[AccessMaskID]) VALUES (11,39,5)
INSERT INTO [yaf_ForumAccess]([GroupID],[ForumID],[AccessMaskID]) VALUES (11,40,5)
INSERT INTO [yaf_ForumAccess]([GroupID],[ForumID],[AccessMaskID]) VALUES (11,41,5)
INSERT INTO [yaf_ForumAccess]([GroupID],[ForumID],[AccessMaskID]) VALUES (11,42,5)
INSERT INTO [yaf_ForumAccess]([GroupID],[ForumID],[AccessMaskID]) VALUES (11,43,5)
INSERT INTO [yaf_ForumAccess]([GroupID],[ForumID],[AccessMaskID]) VALUES (11,44,5)
INSERT INTO [yaf_ForumAccess]([GroupID],[ForumID],[AccessMaskID]) VALUES (11,45,5)
INSERT INTO [yaf_ForumAccess]([GroupID],[ForumID],[AccessMaskID]) VALUES (11,46,5)
INSERT INTO [yaf_ForumAccess]([GroupID],[ForumID],[AccessMaskID]) VALUES (11,47,5)
INSERT INTO [yaf_ForumAccess]([GroupID],[ForumID],[AccessMaskID]) VALUES (11,48,2)
INSERT INTO [yaf_ForumAccess]([GroupID],[ForumID],[AccessMaskID]) VALUES (11,49,5)
INSERT INTO [yaf_ForumAccess]([GroupID],[ForumID],[AccessMaskID]) VALUES (11,50,5)
INSERT INTO [yaf_ForumAccess]([GroupID],[ForumID],[AccessMaskID]) VALUES (11,51,5)
INSERT INTO [yaf_ForumAccess]([GroupID],[ForumID],[AccessMaskID]) VALUES (11,52,5)
INSERT INTO [yaf_ForumAccess]([GroupID],[ForumID],[AccessMaskID]) VALUES (11,53,5)
INSERT INTO [yaf_ForumAccess]([GroupID],[ForumID],[AccessMaskID]) VALUES (11,54,5)
INSERT INTO [yaf_ForumAccess]([GroupID],[ForumID],[AccessMaskID]) VALUES (11,55,5)
INSERT INTO [yaf_ForumAccess]([GroupID],[ForumID],[AccessMaskID]) VALUES (11,56,5)
INSERT INTO [yaf_ForumAccess]([GroupID],[ForumID],[AccessMaskID]) VALUES (11,57,5)
INSERT INTO [yaf_ForumAccess]([GroupID],[ForumID],[AccessMaskID]) VALUES (11,58,2)
INSERT INTO [yaf_ForumAccess]([GroupID],[ForumID],[AccessMaskID]) VALUES (11,59,5)
INSERT INTO [yaf_ForumAccess]([GroupID],[ForumID],[AccessMaskID]) VALUES (11,60,5)
INSERT INTO [yaf_ForumAccess]([GroupID],[ForumID],[AccessMaskID]) VALUES (11,61,5)
INSERT INTO [yaf_ForumAccess]([GroupID],[ForumID],[AccessMaskID]) VALUES (11,62,5)
INSERT INTO [yaf_ForumAccess]([GroupID],[ForumID],[AccessMaskID]) VALUES (11,63,5)
INSERT INTO [yaf_ForumAccess]([GroupID],[ForumID],[AccessMaskID]) VALUES (11,64,5)
INSERT INTO [yaf_ForumAccess]([GroupID],[ForumID],[AccessMaskID]) VALUES (11,65,5)
INSERT INTO [yaf_ForumAccess]([GroupID],[ForumID],[AccessMaskID]) VALUES (11,66,5)
INSERT INTO [yaf_ForumAccess]([GroupID],[ForumID],[AccessMaskID]) VALUES (11,67,5)
INSERT INTO [yaf_ForumAccess]([GroupID],[ForumID],[AccessMaskID]) VALUES (11,68,2)
INSERT INTO [yaf_ForumAccess]([GroupID],[ForumID],[AccessMaskID]) VALUES (11,69,5)
INSERT INTO [yaf_ForumAccess]([GroupID],[ForumID],[AccessMaskID]) VALUES (11,70,5)
INSERT INTO [yaf_ForumAccess]([GroupID],[ForumID],[AccessMaskID]) VALUES (11,71,5)
INSERT INTO [yaf_ForumAccess]([GroupID],[ForumID],[AccessMaskID]) VALUES (11,72,5)
INSERT INTO [yaf_ForumAccess]([GroupID],[ForumID],[AccessMaskID]) VALUES (11,73,5)
INSERT INTO [yaf_ForumAccess]([GroupID],[ForumID],[AccessMaskID]) VALUES (11,74,5)
INSERT INTO [yaf_ForumAccess]([GroupID],[ForumID],[AccessMaskID]) VALUES (11,75,5)
INSERT INTO [yaf_ForumAccess]([GroupID],[ForumID],[AccessMaskID]) VALUES (11,76,5)
INSERT INTO [yaf_ForumAccess]([GroupID],[ForumID],[AccessMaskID]) VALUES (11,77,5)
INSERT INTO [yaf_ForumAccess]([GroupID],[ForumID],[AccessMaskID]) VALUES (11,78,2)
INSERT INTO [yaf_ForumAccess]([GroupID],[ForumID],[AccessMaskID]) VALUES (11,79,5)
INSERT INTO [yaf_ForumAccess]([GroupID],[ForumID],[AccessMaskID]) VALUES (11,80,5)
INSERT INTO [yaf_ForumAccess]([GroupID],[ForumID],[AccessMaskID]) VALUES (11,81,5)
INSERT INTO [yaf_ForumAccess]([GroupID],[ForumID],[AccessMaskID]) VALUES (11,82,5)
INSERT INTO [yaf_ForumAccess]([GroupID],[ForumID],[AccessMaskID]) VALUES (11,83,5)
INSERT INTO [yaf_ForumAccess]([GroupID],[ForumID],[AccessMaskID]) VALUES (11,84,5)
INSERT INTO [yaf_ForumAccess]([GroupID],[ForumID],[AccessMaskID]) VALUES (11,85,5)
INSERT INTO [yaf_ForumAccess]([GroupID],[ForumID],[AccessMaskID]) VALUES (11,86,5)
INSERT INTO [yaf_ForumAccess]([GroupID],[ForumID],[AccessMaskID]) VALUES (11,87,5)
INSERT INTO [yaf_ForumAccess]([GroupID],[ForumID],[AccessMaskID]) VALUES (11,88,2)
INSERT INTO [yaf_ForumAccess]([GroupID],[ForumID],[AccessMaskID]) VALUES (11,89,5)
INSERT INTO [yaf_ForumAccess]([GroupID],[ForumID],[AccessMaskID]) VALUES (11,90,5)
INSERT INTO [yaf_ForumAccess]([GroupID],[ForumID],[AccessMaskID]) VALUES (11,91,5)
INSERT INTO [yaf_ForumAccess]([GroupID],[ForumID],[AccessMaskID]) VALUES (11,92,5)
INSERT INTO [yaf_ForumAccess]([GroupID],[ForumID],[AccessMaskID]) VALUES (11,93,5)
INSERT INTO [yaf_ForumAccess]([GroupID],[ForumID],[AccessMaskID]) VALUES (11,94,5)
INSERT INTO [yaf_ForumAccess]([GroupID],[ForumID],[AccessMaskID]) VALUES (11,95,5)
INSERT INTO [yaf_ForumAccess]([GroupID],[ForumID],[AccessMaskID]) VALUES (11,96,5)
INSERT INTO [yaf_ForumAccess]([GroupID],[ForumID],[AccessMaskID]) VALUES (11,97,5)
INSERT INTO [yaf_ForumAccess]([GroupID],[ForumID],[AccessMaskID]) VALUES (11,98,2)
INSERT INTO [yaf_ForumAccess]([GroupID],[ForumID],[AccessMaskID]) VALUES (11,99,5)
INSERT INTO [yaf_ForumAccess]([GroupID],[ForumID],[AccessMaskID]) VALUES (11,100,5)
INSERT INTO [yaf_ForumAccess]([GroupID],[ForumID],[AccessMaskID]) VALUES (11,101,5)
INSERT INTO [yaf_ForumAccess]([GroupID],[ForumID],[AccessMaskID]) VALUES (11,102,5)
INSERT INTO [yaf_ForumAccess]([GroupID],[ForumID],[AccessMaskID]) VALUES (11,103,5)
INSERT INTO [yaf_ForumAccess]([GroupID],[ForumID],[AccessMaskID]) VALUES (11,104,5)
INSERT INTO [yaf_ForumAccess]([GroupID],[ForumID],[AccessMaskID]) VALUES (11,105,5)
INSERT INTO [yaf_ForumAccess]([GroupID],[ForumID],[AccessMaskID]) VALUES (11,106,5)
INSERT INTO [yaf_ForumAccess]([GroupID],[ForumID],[AccessMaskID]) VALUES (11,107,5)
INSERT INTO [yaf_ForumAccess]([GroupID],[ForumID],[AccessMaskID]) VALUES (11,108,2)
INSERT INTO [yaf_ForumAccess]([GroupID],[ForumID],[AccessMaskID]) VALUES (11,109,5)
INSERT INTO [yaf_ForumAccess]([GroupID],[ForumID],[AccessMaskID]) VALUES (11,110,5)
INSERT INTO [yaf_ForumAccess]([GroupID],[ForumID],[AccessMaskID]) VALUES (11,111,5)
INSERT INTO [yaf_ForumAccess]([GroupID],[ForumID],[AccessMaskID]) VALUES (11,112,5)
INSERT INTO [yaf_ForumAccess]([GroupID],[ForumID],[AccessMaskID]) VALUES (11,113,5)
INSERT INTO [yaf_ForumAccess]([GroupID],[ForumID],[AccessMaskID]) VALUES (11,114,5)
INSERT INTO [yaf_ForumAccess]([GroupID],[ForumID],[AccessMaskID]) VALUES (11,115,5)
INSERT INTO [yaf_ForumAccess]([GroupID],[ForumID],[AccessMaskID]) VALUES (11,116,5)
INSERT INTO [yaf_ForumAccess]([GroupID],[ForumID],[AccessMaskID]) VALUES (11,117,5)
INSERT INTO [yaf_ForumAccess]([GroupID],[ForumID],[AccessMaskID]) VALUES (11,118,2)USE [EDUAR_aspnet_services]
GO

INSERT INTO [yaf_prov_Application] ([ApplicationID],[ApplicationName],[ApplicationNameLwd],[Description]) VALUES ('2E42A11D-7CCD-4EA6-923C-DFB1EE5ACDFF','
YetAnotherForum','yetanotherforum','NULL')

USE [EDUAR_aspnet_services]
GO

SET IDENTITY_INSERT [EDUAR_aspnet_services].[dbo].[yaf_User] ON

INSERT INTO [yaf_User]
           (
		    [UserID]
		   ,[BoardID]
           ,[ProviderUserKey]
           ,[Name]
           ,[DisplayName]
           ,[Password]
           ,[Email]
           ,[Joined]
           ,[LastVisit]
           ,[IP]
           ,[NumPosts]
           ,[TimeZone]
           ,[Avatar]
           ,[Signature]
           ,[AvatarImage]
           ,[AvatarImageType]
           ,[RankID]
           ,[Suspended]
           ,[LanguageFile]
           ,[ThemeFile]
           ,[UseSingleSignOn]
           ,[TextEditor]
           ,[OverrideDefaultThemes]
           ,[PMNotification]
           ,[AutoWatchTopics]
           ,[DailyDigest]
           ,[NotificationType]
           ,[Flags]
           ,[Points]
           ,[Culture]
           ,[IsFacebookUser]
           ,[IsTwitterUser]
           ,[UserStyle]
           ,[StyleFlags])
     VALUES
           (
		    1
		   ,1
           ,NULL
           ,'Guest'
           ,'Guest'
           ,'-'
           ,'proyecto.eduar2.0@gmail.com'
           ,getdate()
           ,getdate()
           ,NULL
           ,0
           ,-180
           ,NULL
           ,NULL
           ,NULL
           ,NULL
           ,2
           ,NULL
           ,NULL
           ,NULL
           ,0
           ,NULL
           ,1
           ,1
           ,0
           ,0
           ,10
           ,6
           ,0
           ,NULL
           ,0
           ,0
           ,'default!font-size: 8pt; font-style: italic; font-weight: bold; color: #0c7333/yafpro!font-size: 8pt; color: #6e1987'
           ,0)
GO

SET IDENTITY_INSERT [EDUAR_aspnet_services].[dbo].[yaf_User] OFF

INSERT INTO [dbo].[yaf_UserGroup]
           ([UserID]
           ,[GroupID])
     VALUES
           (1
           ,2)
GO