<?xml version="1.0" encoding="UTF-8" standalone="yes"?>
<assembly xmlns="urn:schemas-microsoft-com:asm.v1" manifestVersion="1.0"> 
  <assemblyIdentity version="2.2.1.0"
     processorArchitecture="X86"
     name="Greenfoot"
     type="win32"/> 
  <description>Greenfoot</description> 
  <!-- Identify the application security requirements. -->
  <trustInfo xmlns="urn:schemas-microsoft-com:asm.v2">
    <security>
      <requestedPrivileges>
        <requestedExecutionLevel
          level="asInvoker"
          uiAccess="false"/>
        </requestedPrivileges>
       </security>
  </trustInfo>
</assembly>
